Unnamed: 0,sku,national_inv,lead_time,forecast_6_month,forecast_9_month,sales_1_month,sales_3_month,sales_6_month,sales_9_month,min_bank,potential_issue,pieces_past_due,perf_6_month_avg,perf_12_month_avg,local_bo_qty,deck_risk,oe_constraint,ppap_risk,stop_auto_buy,rev_stop,went_on_backorder
1001,3362071,0,12,5,7,2,5,6,6,0,No,0,0.57,0.68,0,No,No,No,Yes,No,Yes
1002,3362095,-13,8,93,128,17,81,89,91,4,No,0,0.99,0.96,17,No,No,No,Yes,No,Yes
1003,3362448,35,0,204,252,27,106,202,296,55,No,0,0,0,0,No,No,Yes,No,No,Yes
1004,3362588,75,52,468,648,43,159,362,430,47,No,0,0.83,0.9,0,Yes,No,Yes,No,No,Yes
1005,3362693,5,12,107,151,6,66,103,132,13,No,0,0.73,0.79,0,No,No,No,Yes,No,Yes
1006,3362891,4,8,35,42,14,33,59,81,4,No,0,0.79,0.87,0,No,No,No,Yes,No,Yes
1007,3362901,12,8,48,66,7,35,70,99,0,No,0,0.76,0.84,0,No,No,No,Yes,No,Yes
1008,3362992,3,3,72,120,20,52,84,103,0,No,0,1,1,0,No,No,No,Yes,No,Yes
1009,3363021,2,8,0,0,2,7,10,16,0,No,0,0.93,0.95,0,No,No,No,Yes,No,Yes
1010,3363041,0,3,2,3,1,1,2,2,2,No,0,0.1,0.68,0,No,No,No,Yes,No,Yes
1011,3363104,5,2,4,4,2,4,4,4,0,No,0,0.53,0.46,0,Yes,No,No,Yes,No,Yes
1012,3363118,6,8,18,28,3,9,16,27,0,No,0,0.97,0.98,0,No,No,No,Yes,No,Yes
1013,3363176,15,2,0,0,1,2,5,5,2,No,0,0.99,0.97,0,No,No,No,Yes,No,Yes
1014,3363570,8,8,40,60,8,12,25,42,2,No,0,0.98,0.97,0,No,No,No,Yes,No,Yes
1015,3363737,-1,8,50,70,3,20,51,66,3,No,0,0.18,0.33,1,No,No,No,Yes,No,Yes
1016,3363757,5,2,10,10,11,25,40,52,17,No,0,0.85,0.83,0,No,No,No,Yes,No,Yes
1017,3363820,3,8,7,7,2,4,7,7,0,No,0,0.99,0.99,0,No,No,No,Yes,No,Yes
1018,3363920,0,9,22,27,5,13,20,27,0,No,0,0.99,0.99,0,No,No,No,Yes,No,Yes
1019,3364142,2,2,8,12,1,5,9,10,1,No,0,0.98,0.97,0,No,No,No,Yes,No,Yes
1020,3364225,3,8,44,52,5,20,44,70,7,No,0,0.15,0.1,0,No,No,No,Yes,No,Yes
1021,3364266,1,2,0,0,0,0,0,0,0,No,0,0.53,0.53,0,No,No,No,Yes,No,Yes
1022,3364342,5,8,0,0,7,10,11,13,3,No,0,0.96,0.89,0,No,No,No,Yes,No,Yes
1023,3364521,137,0,718,998,157,522,775,815,346,No,0,-99,0,0,No,No,No,No,No,Yes
1024,3364607,11,8,88,114,6,32,67,104,2,No,0,0.41,0.46,0,No,No,No,Yes,No,Yes
1025,3364671,0,8,6,8,1,2,5,7,0,No,0,0.08,0.26,0,No,No,No,Yes,No,Yes
1026,3364759,3,2,20,20,2,3,5,7,0,No,0,0.5,0.52,0,Yes,No,No,No,No,Yes
1027,3364771,0,8,24,36,3,9,18,29,0,No,0,0,0,0,No,No,No,Yes,No,Yes
1028,3364872,0,8,14,20,0,5,16,27,5,No,0,0.8,0.79,0,No,No,No,Yes,No,Yes
1029,3364937,0,12,13,17,5,7,12,15,0,No,0,0.73,0.79,0,No,No,No,Yes,No,Yes
1030,3364966,14,2,30,45,3,13,21,29,0,No,0,0.73,0.76,0,No,No,Yes,Yes,No,Yes
1031,3365133,37,2,120,192,0,68,127,170,18,No,0,0.97,0.89,0,No,No,No,Yes,No,Yes
1032,3365278,2,2,150,150,32,44,45,50,3,No,0,0.61,0.66,0,Yes,No,No,Yes,No,Yes
1033,3365692,3,9,24,29,4,8,13,25,4,No,0,0.7,0.66,0,No,No,No,Yes,No,Yes
1034,3365812,12,8,366,596,35,141,325,427,40,No,0,0.31,0.2,2,No,No,No,Yes,No,Yes
1035,3365826,0,12,5,6,0,2,3,4,0,No,0,0.57,0.68,0,No,No,No,Yes,No,Yes
1036,3365843,1,8,2,3,1,2,8,8,0,No,0,0.82,0.84,0,No,No,No,Yes,No,Yes
1037,3365914,3,2,98,112,23,66,67,68,24,No,0,0.03,0.1,0,No,No,No,Yes,No,Yes
1038,3366420,172,12,0,0,15,37,51,54,0,No,0,0.94,0.87,0,No,No,No,Yes,No,Yes
1039,3366454,3,8,2,4,1,2,2,5,0,No,0,0.96,0.96,0,No,No,No,Yes,No,Yes
1040,3366553,2,8,26,26,2,6,15,28,2,No,0,0.98,0.98,0,No,No,No,Yes,No,Yes
1041,3366591,-2,12,22,28,7,17,29,41,0,No,0,0.77,0.73,2,No,No,No,Yes,No,Yes
1042,3366621,0,12,7,10,2,6,8,11,0,No,0,0.73,0.79,0,No,No,No,Yes,No,Yes
1043,3366717,1,9,9,12,1,3,5,6,0,No,0,0,0,0,No,No,No,Yes,No,Yes
1044,3366751,8,8,208,260,26,80,142,202,31,No,0,0.94,0.92,1,No,No,No,Yes,No,Yes
1045,3366849,0,2,10,10,3,3,5,5,0,No,0,0.04,0.03,0,Yes,No,No,Yes,No,Yes
1046,3366870,1,8,10,16,4,10,12,14,0,No,0,0.84,0.87,0,No,No,No,Yes,No,Yes
1047,3367121,9,8,9,18,1,4,12,16,10,No,0,0.95,0.77,0,No,No,No,Yes,No,Yes
1048,3367370,0,9,20,20,4,6,18,24,0,No,0,0.7,0.66,0,No,No,Yes,Yes,No,Yes
1049,3367405,6,8,48,64,6,21,38,57,0,No,0,0.86,0.88,0,No,No,Yes,Yes,No,Yes
1050,3367558,11,8,0,0,11,61,79,80,13,No,0,0.9,0.92,0,No,No,No,Yes,No,Yes
1051,3367560,0,8,5,6,4,7,11,20,1,No,0,0.96,0.96,0,No,No,No,Yes,No,Yes
1052,3367630,0,8,3,4,1,2,2,3,0,No,0,0.87,0.82,0,No,No,No,Yes,No,Yes
1053,3367740,7,8,1,4,3,8,13,29,2,No,0,0.96,0.96,0,No,No,No,Yes,No,Yes
1054,3367848,7,2,50,50,4,8,16,20,0,No,0,0.9,0.92,0,No,No,No,Yes,No,Yes
1055,3368013,0,12,0,0,1,4,7,7,16,No,0,1,0.99,0,Yes,No,No,No,No,Yes
1056,3368079,0,12,8,8,0,1,3,9,0,No,0,0.73,0.79,0,No,No,No,Yes,No,Yes
1057,3368253,10,8,15,29,6,9,18,31,4,No,0,0.79,0.79,0,No,No,No,Yes,No,Yes
1058,3368282,1243,8,6746,10506,884,3335,6514,8933,889,No,0,0.79,0.71,0,No,No,Yes,Yes,No,Yes
1059,3368290,0,8,57,78,9,27,48,71,0,No,0,0.37,0.34,0,No,No,No,Yes,No,Yes
1060,3368475,0,8,3,3,0,0,0,1,0,No,0,0,0.07,0,No,No,No,Yes,No,Yes
1061,3368559,1,8,45,60,6,17,17,34,3,No,0,0.72,0.69,0,No,No,No,Yes,No,Yes
1062,3368566,11,2,28,28,1,11,21,27,6,No,0,0.97,0.98,0,No,No,No,Yes,No,Yes
1063,3368834,-3,8,24,32,1,23,27,31,1,No,0,0.99,0.97,3,No,No,No,Yes,No,Yes
1064,3368869,7,8,0,3,11,13,17,22,2,No,0,0.97,0.96,0,No,No,No,Yes,No,Yes
1065,3369077,10,8,22,37,9,20,41,69,0,No,0,0.35,0.36,0,No,No,No,Yes,No,Yes
1066,3369120,13,8,33,48,9,17,28,48,5,No,0,0.99,0.99,0,No,No,No,Yes,No,Yes
1067,3369326,0,8,10,15,0,0,0,0,0,No,0,1,0.98,0,No,No,No,Yes,No,Yes
1068,3369441,1,2,44,60,11,26,38,39,1,No,0,0.78,0.75,0,No,No,No,Yes,No,Yes
1069,3369633,12,0,0,0,0,2,7,12,1,No,0,0,0,0,No,No,Yes,No,No,Yes
1070,3369635,6,9,40,40,6,22,41,62,7,No,0,0.99,0.99,0,No,No,No,Yes,No,Yes
1071,3369707,3,2,0,0,0,0,2,2,0,No,0,0.73,0.76,0,Yes,No,No,Yes,No,Yes
1072,3369735,19,2,52,78,7,23,73,116,0,No,0,0.9,0.93,0,No,No,Yes,Yes,No,Yes
1073,3369777,6,2,8,12,2,5,15,18,2,No,0,0.22,0.14,0,No,No,No,Yes,No,Yes
1074,3369889,3,2,27,27,0,0,0,0,1,No,0,0,0,0,Yes,No,No,Yes,No,Yes
1075,3370161,2,8,23,31,6,16,21,43,1,No,0,0.92,0.89,0,No,No,No,Yes,No,Yes
1076,3370286,2,2,6,10,4,7,11,20,2,No,0,1,0.99,0,No,No,No,Yes,No,Yes
1077,3370430,9,9,1,1,4,9,16,28,0,No,0,0.99,0.99,0,No,No,No,Yes,No,Yes
1078,3370575,16,2,0,0,4,6,8,10,0,No,0,0.83,0.79,0,Yes,No,No,Yes,No,Yes
1079,3370722,149,8,647,1030,99,342,765,961,86,No,0,0.13,0.17,0,No,No,No,Yes,No,Yes
1080,3370822,0,2,5,5,0,0,0,0,1,No,0,0,0,0,Yes,No,No,Yes,No,Yes
1081,3370962,1,8,3,5,2,3,5,6,0,No,0,1,0.92,0,No,No,No,Yes,No,Yes
1082,3371092,2,12,4,5,0,1,3,4,3,No,0,0.73,0.79,0,No,No,No,Yes,No,Yes
1083,3371205,1,8,4,6,0,2,3,4,3,No,0,0.95,0.92,0,No,No,No,Yes,No,Yes
1084,3371291,85,15,0,0,8,20,41,60,10,No,0,0.52,0.57,0,No,No,Yes,Yes,No,Yes
1085,3371335,3,8,45,65,5,21,36,59,11,No,0,0.5,0.46,0,No,No,No,Yes,No,Yes
1086,3371485,2,3,23,31,3,11,18,28,0,No,0,0.99,0.99,0,No,No,No,Yes,No,Yes
1087,3371764,27,4,0,0,0,0,0,0,0,No,0,0.73,0.78,0,No,No,No,Yes,No,Yes
1088,3371803,0,2,8,8,2,2,2,2,0,No,0,0.27,0.26,0,Yes,No,Yes,Yes,No,Yes
1089,3372253,2,30,40,48,1,11,27,41,0,No,0,0.83,0.92,0,No,No,No,Yes,No,Yes
1090,3372323,231,8,0,0,0,0,0,0,0,No,0,0.97,0.96,0,No,No,No,Yes,No,Yes
1091,3372523,1,3,0,0,0,0,3,4,0,No,0,1,0.99,0,No,No,No,Yes,No,Yes
1092,3372531,7,2,33,44,0,10,23,28,0,No,0,0.83,0.85,0,No,No,No,Yes,No,Yes
1093,3372548,0,2,12,16,2,6,8,14,0,No,0,0.97,0.93,0,No,No,No,Yes,No,Yes
1094,3372719,0,2,5,6,0,0,3,3,1,No,0,0.75,0.78,0,No,No,No,Yes,No,Yes
1095,3372790,43,8,104,142,29,64,108,156,40,No,0,0.9,0.92,0,No,No,No,Yes,No,Yes
1096,3372930,0,12,17,26,1,13,27,38,1,No,0,0.7,0.76,0,No,No,Yes,Yes,No,Yes
1097,3373016,-1,2,16,16,3,5,8,9,2,No,0,1,0.95,1,Yes,No,Yes,Yes,No,Yes
1098,3373041,-1,14,161,231,36,127,203,260,22,No,0,0.65,0.71,1,No,No,No,Yes,No,Yes
1099,3373285,2,8,140,188,3,32,93,139,20,No,0,0.12,0.1,0,No,No,Yes,Yes,No,Yes
1100,3373469,8,2,32,48,8,23,44,53,0,No,0,0.93,0.92,0,No,No,No,Yes,No,Yes
1101,3373540,0,8,83,133,2,27,51,65,16,No,0,0.78,0.8,0,No,No,No,Yes,No,Yes
1102,3373564,0,2,45,70,5,24,42,76,3,No,0,0.99,0.96,0,No,No,No,Yes,No,Yes
1103,3374194,2,9,42,54,2,5,33,46,9,No,0,0.7,0.66,0,No,No,No,Yes,No,Yes
1104,3374225,21,8,34,51,6,21,38,50,8,No,0,0.22,0.13,0,No,No,No,Yes,No,Yes
1105,3374255,0,12,36,60,3,17,26,36,0,No,0,0.46,0.4,0,No,No,No,Yes,No,Yes
1106,3374310,23,2,84,126,9,35,67,91,0,No,0,0.92,0.92,0,No,No,No,Yes,No,Yes
1107,3374417,0,9,5,6,4,6,6,6,0,No,0,0.93,0.78,0,No,No,No,Yes,No,Yes
1108,3374588,0,8,3,3,0,1,2,2,1,No,0,0.37,0.34,0,No,No,Yes,Yes,No,Yes
1109,3374589,3,2,2,2,4,7,19,20,1,No,0,0.79,0.61,0,Yes,No,Yes,Yes,No,Yes
1110,3374601,0,2,0,0,3,3,3,3,0,No,0,0.94,0.96,0,No,No,No,Yes,No,Yes
1111,3374724,3,9,2,3,0,2,2,2,0,No,0,0.93,0.78,0,No,No,No,Yes,No,Yes
1112,3375043,-89,8,1290,1662,457,962,1310,1737,81,No,0,0.55,0.74,119,No,No,No,Yes,No,Yes
1113,3375078,1,8,47,73,5,13,30,43,0,No,0,0.78,0.75,0,No,No,No,Yes,No,Yes
1114,3375102,1,4,8,11,3,5,5,6,0,No,0,0.95,0.77,0,No,No,No,Yes,No,Yes
1115,3375315,2,9,8,10,2,4,9,9,0,No,0,0.54,0.48,0,No,No,No,Yes,No,Yes
1116,3375555,20,2,932,1380,2,2,2,4,98,No,0,0.7,0.71,0,No,No,No,Yes,No,Yes
1117,3375643,18,2,24,51,9,22,42,68,2,No,0,0.6,0.71,0,No,No,No,Yes,No,Yes
1118,3375668,8,12,32,32,7,15,26,37,9,No,0,0.7,0.76,0,No,No,No,Yes,No,Yes
1119,3375730,-1,8,33,33,1,6,11,23,5,No,0,0.19,0.49,1,No,No,No,Yes,No,Yes
1120,3375777,0,5,187,261,0,1,1,1,11,No,0,0.65,0.71,0,No,No,No,Yes,No,Yes
1121,3375796,1,8,23,29,2,6,16,25,0,No,0,0.91,0.95,0,No,No,No,Yes,No,Yes
1122,3375847,0,12,8,8,0,1,4,7,0,No,0,0.46,0.4,0,No,No,No,Yes,No,Yes
1123,3375931,11,8,34,58,8,27,58,79,0,No,0,0.97,0.96,0,No,No,No,Yes,No,Yes
1124,3376003,8,8,0,4,0,2,4,5,0,No,0,0.9,0.88,0,No,No,No,Yes,No,Yes
1125,3376288,15,8,163,252,0,0,0,0,0,No,0,1,1,0,No,No,No,Yes,No,Yes
1126,3376313,54,8,272,323,57,172,257,390,113,No,0,0.87,0.88,0,No,No,No,Yes,No,Yes
1127,3376447,0,2,7,12,0,0,0,0,0,No,0,0.82,0.81,0,No,No,Yes,Yes,No,Yes
1128,3376673,0,12,15,20,1,13,18,22,3,No,0,0.73,0.79,0,No,No,No,Yes,No,Yes
1129,3376705,11,2,22,22,22,45,74,86,3,No,0,1,0.98,0,No,No,No,Yes,No,Yes
1130,3376728,7,2,24,36,11,19,38,68,0,No,0,0.99,0.99,0,No,No,No,Yes,No,Yes
1131,3376778,0,8,40,50,9,19,33,43,2,No,0,0.34,0.57,0,No,No,No,Yes,No,Yes
1132,3376851,0,52,2,3,0,3,8,11,0,No,0,0.99,0.94,0,Yes,No,No,No,No,Yes
1133,3377060,1,2,27,48,9,18,35,42,0,No,0,1,0.99,0,No,No,Yes,Yes,No,Yes
1134,3377181,12,2,42,66,7,25,52,53,12,No,0,0.53,0.53,0,No,No,No,Yes,No,Yes
1135,3377272,1,12,3,4,1,3,4,4,3,No,0,0.99,0.99,0,No,No,No,Yes,No,Yes
1136,3377276,5,8,0,0,1,3,9,9,2,No,0,0.94,0.8,0,No,No,No,Yes,No,Yes
1137,3377294,0,8,19,26,1,8,10,13,2,No,0,0.9,0.95,0,No,No,No,Yes,No,Yes
1138,3377461,29,8,0,0,0,0,11,11,0,No,0,0.66,0.8,0,No,No,No,Yes,No,Yes
1139,3377941,1,8,165,240,25,82,162,245,28,No,0,0.66,0.64,2,No,No,No,Yes,No,Yes
1140,3377983,19,8,26,39,3,15,29,41,0,No,0,0.93,0.89,0,No,No,No,Yes,No,Yes
1141,3378113,13,2,60,60,6,19,35,46,0,No,0,0.9,0.89,0,No,No,No,Yes,No,Yes
1142,3378129,8,2,60,100,13,34,61,84,0,No,0,1,0.95,0,No,No,No,Yes,No,Yes
1143,3378283,3,2,4,7,0,3,4,6,0,No,0,0.99,0.99,0,No,No,No,Yes,No,Yes
1144,3378330,2,3,45,55,7,22,23,23,0,No,0,0.41,0.46,0,Yes,No,No,Yes,No,Yes
1145,3378355,0,2,5,5,0,0,2,2,0,No,0,0.84,0.87,0,No,No,Yes,Yes,No,Yes
1146,3378364,0,2,0,0,0,0,0,0,0,No,0,0.89,0.9,0,No,No,No,Yes,No,Yes
1147,3378388,59,8,645,645,0,381,557,615,5,No,0,0.98,0.97,0,No,No,No,Yes,No,Yes
1148,3378522,70,8,90,135,21,47,93,145,27,No,0,0.97,0.96,0,No,No,Yes,Yes,No,Yes
1149,3378767,7,8,25,40,0,14,36,53,2,No,0,0.84,0.8,0,No,No,No,Yes,No,Yes
1150,3378861,0,8,5,7,0,2,4,5,0,No,0,0,0,0,No,No,Yes,Yes,No,Yes
1151,3378866,1,13,12,16,4,7,7,14,0,No,0,0.82,0.81,0,No,No,No,Yes,No,Yes
1152,3379281,0,,0,0,0,0,0,0,0,No,0,-99,-99,0,No,No,No,Yes,No,Yes
1153,3379438,0,12,11,17,0,1,6,12,0,No,0,0.7,0.76,0,No,No,No,Yes,No,Yes
1154,3379470,0,12,11,11,0,0,0,0,0,No,0,0.48,0.48,0,Yes,No,No,Yes,No,Yes
1155,3379579,0,4,1200,1200,618,5195,11187,17611,1,No,0,0.87,0.9,0,No,No,Yes,Yes,No,Yes
1156,3379600,0,2,77,77,0,0,0,0,0,No,0,0.96,0.92,0,No,No,No,Yes,No,Yes
1157,3379681,2,8,9,15,1,9,13,18,0,No,0,0.18,0.33,0,No,No,No,Yes,No,Yes
1158,3379732,0,8,5,5,0,0,2,6,3,No,0,0.32,0.38,0,No,No,No,Yes,No,Yes
1159,3379769,73,8,372,444,11,125,309,718,23,No,0,0.95,0.92,0,No,No,No,Yes,No,Yes
1160,3379804,2,8,81,117,24,48,62,70,0,No,0,0.78,0.75,0,No,No,No,Yes,No,Yes
1161,3379814,16,8,152,202,12,93,163,244,15,No,0,0.57,0.59,1,No,No,No,Yes,No,Yes
1162,3379877,0,8,4,5,0,0,3,5,1,No,0,0.36,0.44,0,No,No,Yes,Yes,No,Yes
1163,3379890,0,8,49,61,27,41,58,78,4,No,0,0.48,0.52,0,No,No,No,Yes,No,Yes
1164,3379955,2,8,18,24,2,9,25,32,4,No,0,0.96,0.61,0,No,No,No,Yes,No,Yes
1165,3380025,2,2,8,12,3,10,10,12,0,No,0,0.89,0.82,0,No,No,No,Yes,No,Yes
1166,3380172,0,8,57,69,2,13,20,42,0,No,0,0.76,0.84,0,No,No,No,Yes,No,Yes
1167,3380283,19,4,0,0,0,0,0,0,0,No,0,0.22,0.21,0,Yes,No,No,Yes,No,Yes
1168,3380285,4,2,4,4,0,3,5,5,0,No,0,0.54,0.56,0,Yes,No,No,Yes,No,Yes
1169,3380520,0,8,26,26,0,7,14,23,4,No,0,0.99,0.99,0,No,No,No,Yes,No,Yes
1170,3380581,4,8,60,60,6,16,29,39,0,No,0,0.83,0.86,0,No,No,No,Yes,No,Yes
1171,3380669,2,8,1,2,1,1,2,5,1,No,0,0.85,0.92,0,No,No,No,Yes,No,Yes
1172,3380896,11,2,65,100,10,41,60,105,2,No,0,0.62,0.58,0,No,No,Yes,Yes,No,Yes
1173,3380931,5,8,48,72,8,32,64,99,2,No,0,0.98,0.97,0,No,No,No,Yes,No,Yes
1174,3381058,120,,0,0,21,73,138,217,33,No,0,-99,-99,0,No,No,Yes,No,No,Yes
1175,3381082,0,,0,0,399,740,740,772,4,No,0,-99,-99,0,No,No,No,Yes,No,Yes
1176,3381146,4,11,6,10,2,6,15,21,0,No,0,0.85,0.8,0,No,No,No,Yes,No,Yes
1177,3381153,32,2,166,218,187,363,467,713,20,No,0,0.89,0.87,13,No,No,No,Yes,No,Yes
1178,3381406,9,8,0,0,0,1,2,2,0,No,0,0.64,0.64,0,No,No,No,Yes,No,Yes
1179,3381433,-20,12,330,420,428,451,553,628,117,No,0,0.94,0.88,20,No,No,No,Yes,No,Yes
1180,3381534,-1,8,45,60,3,9,21,73,3,No,0,0.22,0.22,2,No,No,No,Yes,No,Yes
1181,3381549,9,9,42,56,4,19,28,50,16,No,0,0.95,0.89,0,No,No,No,Yes,No,Yes
1182,3381563,0,12,63,83,2,26,40,52,2,No,0,0.73,0.79,0,No,No,No,Yes,No,Yes
1183,3381569,11,8,100,100,3,14,24,42,2,No,0,1,1,0,No,No,No,Yes,No,Yes
1184,3381699,5,12,16,24,4,13,20,30,0,No,0,0.87,0.8,0,No,No,No,Yes,No,Yes
1185,3381964,1084,8,32,32,1,9,25,29,3,No,0,0.72,0.55,1,No,No,Yes,Yes,No,Yes
1186,3382109,0,12,0,0,0,0,0,0,0,No,0,0.73,0.79,0,No,No,No,Yes,No,Yes
1187,3382126,0,2,19,19,0,0,0,0,1,No,0,0.77,0.64,0,No,No,No,Yes,No,Yes
1188,3382298,8,8,12,12,1,7,14,18,3,No,0,1,0.8,0,No,No,No,Yes,No,Yes
1189,3382316,5,8,240,240,29,64,152,262,17,No,0,0.91,0.95,1,No,No,Yes,Yes,No,Yes
1190,3382342,1,8,63,81,1,41,43,55,6,No,0,0.97,0.98,0,No,No,No,Yes,No,Yes
1191,3382346,8,9,2,3,1,4,10,17,0,No,0,0.96,0.95,0,No,No,No,Yes,No,Yes
1192,3382408,34,8,372,510,21,117,260,392,54,No,0,0.22,0.22,3,No,No,No,Yes,No,Yes
1193,3382582,0,8,258240,319008,0,0,0,0,18108,No,0,0.89,0.9,0,No,No,Yes,Yes,No,Yes
1194,3382608,2,8,44,57,10,24,34,61,0,No,0,1,0.88,0,No,No,No,Yes,No,Yes
1195,3382659,0,8,22,22,3,4,19,37,3,No,0,0.36,0.44,0,No,No,No,Yes,No,Yes
1196,3382966,0,2,0,0,3,10,15,16,0,No,0,0.99,0.94,0,No,No,No,Yes,No,Yes
1197,3383014,284,12,628,628,149,498,700,1033,253,No,0,0.73,0.79,0,No,No,No,Yes,No,Yes
1198,3383025,2,12,35,44,6,11,24,34,11,No,0,0.77,0.75,0,No,No,No,Yes,No,Yes
1199,3383209,-101,8,317,317,0,0,0,0,2,No,0,-99,0.5,101,No,No,No,Yes,No,Yes
1200,3383270,11,8,242,332,41,107,214,319,34,No,0,0.25,0.26,2,No,No,No,Yes,No,Yes
1201,3383546,8,2,10,10,2,6,13,17,0,No,0,0.9,0.93,0,No,No,No,Yes,No,Yes
1202,3383693,95,4,360,360,20,132,176,246,33,No,0,0.67,0.69,0,No,No,No,Yes,No,Yes
1203,3383842,0,2,1194,1194,0,1,1,1,107,No,0,0.89,0.92,0,No,No,No,Yes,No,Yes
1204,3383860,0,2,36,36,1,3,6,6,1,No,0,0.84,0.55,1,Yes,No,No,No,No,Yes
1205,3383871,0,5,52,52,0,0,0,0,0,No,0,0.65,0.71,0,Yes,No,Yes,Yes,No,Yes
1206,3383929,0,8,7,9,1,4,5,8,0,No,0,0,0,0,No,No,No,Yes,No,Yes
1207,3384077,3,2,6,10,0,2,8,13,1,No,0,0.9,0.85,0,No,No,No,Yes,No,Yes
1208,3384379,0,4,9,12,0,0,0,0,0,No,0,0.54,0.48,0,No,No,Yes,Yes,No,Yes
1209,3384487,5,8,38,46,6,13,18,34,3,No,0,0.8,0.79,0,No,No,No,Yes,No,Yes
1210,3384622,0,2,3,4,1,2,2,2,0,No,0,0.82,0.81,0,No,No,No,Yes,No,Yes
1211,3384641,-1,,0,0,0,1,7,13,2,No,0,-99,-99,0,No,No,No,No,No,Yes
1212,3384721,11,8,75,150,8,21,43,71,13,No,0,0.9,0.92,0,No,No,No,Yes,No,Yes
1213,3384729,18,8,60,80,6,23,52,100,1,No,0,0.89,0.9,0,No,No,No,Yes,No,Yes
1214,3384777,3,2,34,50,3,5,5,5,0,No,0,0.57,0.56,0,No,No,No,Yes,No,Yes
1215,3384782,0,12,0,0,0,0,0,0,0,No,0,0.73,0.79,0,No,No,Yes,Yes,No,Yes
1216,3384800,10,2,7,7,13,47,47,49,0,No,0,0.99,0.99,0,Yes,No,Yes,Yes,No,Yes
1217,3384866,18,9,0,0,33,39,53,60,0,No,0,0.94,0.83,0,No,No,No,Yes,No,Yes
1218,3385066,0,8,18,27,2,12,23,28,4,No,0,0.88,0.92,0,No,No,No,Yes,No,Yes
1219,3385372,0,10,0,0,0,0,0,0,0,No,0,0.89,0.9,0,No,No,Yes,Yes,No,Yes
1220,3385543,30,2,0,0,2,8,18,37,2,No,0,0.74,0.77,0,Yes,No,Yes,Yes,No,Yes
1221,3385553,0,12,5,5,0,0,0,0,0,No,0,0.57,0.68,0,Yes,No,No,Yes,No,Yes
1222,3385566,3,2,6,9,0,0,8,9,0,No,0,0.76,0.85,0,No,No,No,Yes,No,Yes
1223,3385784,2,12,5,5,8,27,32,32,0,No,0,0.73,0.79,0,No,No,No,Yes,No,Yes
1224,3385790,20,2,10,12,0,1,1,1,0,No,0,0.98,0.93,0,Yes,No,Yes,Yes,No,Yes
1225,3385953,2,8,104,135,3,15,53,80,10,No,0,0.97,0.96,0,No,No,No,Yes,No,Yes
1226,3385978,0,8,5,8,3,8,12,18,3,No,0,1,1,0,No,No,No,Yes,No,Yes
1227,3386034,0,2,31,31,0,0,0,0,1,No,0,0.49,0.55,0,Yes,No,No,Yes,No,Yes
1228,3386043,0,2,3,3,0,0,0,0,0,No,0,0,0,0,Yes,No,Yes,Yes,No,Yes
1229,3386058,5,2,1912,2390,4,9,16,16,0,No,0,0.89,0.95,0,Yes,No,No,Yes,No,Yes
1230,3386242,4,8,35,52,5,16,42,51,0,No,0,0.85,0.84,0,No,No,No,Yes,No,Yes
1231,3386283,0,10,3,4,0,2,2,3,1,No,0,0.89,0.9,0,No,No,No,Yes,No,Yes
1232,3386379,13,8,64,64,6,21,48,111,2,No,0,0.38,0.51,0,No,No,Yes,Yes,No,Yes
1233,3386474,4,8,6,9,3,8,8,11,0,No,0,0.66,0.64,0,No,No,No,Yes,No,Yes
1234,3386623,0,8,3,3,0,3,4,4,0,No,0,0.83,0.85,0,No,No,No,Yes,No,Yes
1235,3386671,0,2,20,20,0,0,1,1,2,No,0,0.72,0.85,0,Yes,No,No,Yes,No,Yes
1236,3386681,2,2,4,5,1,2,3,4,0,No,0,-99,-99,0,No,No,Yes,Yes,No,Yes
1237,3386693,4,2,0,0,1,1,3,3,0,No,0,0.98,0.98,0,No,No,No,Yes,No,Yes
1238,3386714,2,2,43,43,2,5,5,6,0,No,0,0.7,0.73,0,Yes,No,No,Yes,No,Yes
1239,3387432,-571,12,7585,10455,1054,4036,6414,8493,574,No,0,0.94,0.88,611,No,No,No,Yes,No,Yes
1240,3387435,1,8,36,36,13,32,69,118,0,No,0,1,1,0,No,No,No,Yes,No,Yes
1241,3387447,13,2,65,89,8,33,57,68,6,No,0,0.68,0.68,0,No,No,No,Yes,No,Yes
1242,3387456,4,2,5,5,2,4,5,5,0,No,0,0.98,0.99,0,No,No,No,Yes,No,Yes
1243,3387497,1,12,10,16,3,11,16,18,0,No,0,0.99,0.99,0,No,No,No,Yes,No,Yes
1244,3387516,14,8,198,261,21,58,130,213,36,No,0,0.81,0.58,0,No,No,No,Yes,No,Yes
1245,3387526,1,2,3,4,1,2,4,4,1,No,0,0.96,0.98,0,No,No,No,Yes,No,Yes
1246,3387624,0,12,5,5,0,0,0,0,0,No,0,0.97,0.98,0,Yes,No,No,Yes,No,Yes
1247,3387629,19,2,0,0,1,2,5,5,0,No,0,0.99,0.99,0,Yes,No,No,Yes,No,Yes
1248,3387755,3,12,25,25,30,40,50,67,15,No,0,0.77,0.73,0,No,No,No,Yes,No,Yes
1249,3388385,0,0,11,15,0,4,6,10,1,No,0,0,0,0,No,No,No,No,No,Yes
1250,3388485,2,10,36,54,8,25,46,62,6,No,0,0.77,0.84,0,No,No,No,Yes,No,Yes
1251,3388505,0,8,5,7,2,6,6,6,1,No,0,0.85,0.92,0,No,No,No,Yes,No,Yes
1252,3388587,1,2,2,2,0,0,1,1,0,No,0,0.37,0.34,0,Yes,No,Yes,Yes,No,Yes
1253,3388697,31,2,30,30,10,27,28,29,3,No,0,0.99,0.98,0,Yes,No,No,Yes,No,Yes
1254,3388782,7,8,56,84,8,26,50,77,6,No,0,0.69,0.67,0,No,No,Yes,Yes,No,Yes
1255,3388825,1,8,8,9,2,5,14,19,6,No,0,-99,0,0,No,No,No,Yes,No,Yes
1256,3388865,0,3,377,568,0,1,3,3,11,No,0,0.61,0.69,0,No,No,Yes,Yes,No,Yes
1257,3388940,6,8,90,160,12,40,89,123,22,No,0,0.98,0.97,0,No,No,No,Yes,No,Yes
1258,3388946,1,8,326,326,18,59,141,219,26,No,0,0.22,0.16,0,No,No,No,Yes,No,Yes
1259,3389038,6,8,3,9,1,2,11,22,0,No,0,0.99,0.99,0,No,No,Yes,Yes,No,Yes
1260,3389146,229,8,390,534,65,202,326,549,0,No,0,0.69,0.67,0,No,No,No,Yes,No,Yes
1261,3389149,0,12,3,3,0,0,0,0,0,No,0,0.73,0.79,0,No,No,Yes,Yes,No,Yes
1262,3389204,0,8,3,3,0,0,0,0,0,No,0,0.14,0.12,0,No,No,Yes,Yes,No,Yes
1263,3389226,0,12,9,12,0,4,6,8,0,No,0,0.73,0.79,0,No,No,No,Yes,No,Yes
1264,3389307,0,0,9,12,0,1,8,10,1,No,0,0,0,0,No,No,No,Yes,No,Yes
1265,3389362,3,2,1,2,0,2,4,4,0,No,0,0.97,0.93,0,No,No,No,Yes,No,Yes
1266,3389443,54,8,25,50,10,33,55,105,1,No,0,0.34,0.34,0,No,No,Yes,Yes,No,Yes
1267,3389476,12,8,30,58,6,18,32,72,0,No,0,0.83,0.86,0,No,No,No,Yes,No,Yes
1268,3389508,0,12,36,48,0,0,0,0,0,No,0,0.68,0.49,3,No,No,No,Yes,No,Yes
1269,3389627,0,2,5,5,0,0,0,0,0,No,0,0,0,0,No,No,No,Yes,No,Yes
1270,3389898,2,8,24,40,3,17,34,43,0,No,0,0.87,0.91,0,No,No,No,Yes,No,Yes
1271,3390016,0,8,4,5,1,3,4,5,0,No,0,0.82,0.84,0,No,No,No,Yes,No,Yes
1272,3390085,0,12,3,3,0,0,2,2,0,No,0,0.57,0.68,0,No,No,No,Yes,No,Yes
1273,3390171,18,2,33,60,5,44,76,88,10,No,0,0.92,0.75,0,No,No,No,Yes,No,Yes
1274,3390178,1,2,6,8,1,4,6,7,0,No,0,0.82,0.81,0,No,No,No,Yes,No,Yes
1275,3390211,0,2,10,10,0,0,0,0,0,No,0,0.9,0.93,0,Yes,No,No,Yes,No,Yes
1276,3390265,0,2,13,20,0,1,1,3,0,No,0,0.84,0.87,0,No,No,Yes,Yes,No,Yes
1277,3390302,0,12,0,0,0,0,0,0,1,No,0,0.11,0.13,0,No,No,No,Yes,No,Yes
1278,3390420,5,2,0,0,3,5,5,15,0,No,0,0.69,0.74,0,Yes,No,No,Yes,No,Yes
1279,3390634,6,8,0,0,2,7,8,12,1,No,0,0.79,0.66,0,No,No,Yes,Yes,No,Yes
1280,3390699,7,12,0,0,2,3,5,12,1,No,0,0.73,0.79,0,No,No,Yes,Yes,No,Yes
1281,3390800,0,8,5,6,0,3,5,6,1,No,0,0.18,0.1,0,No,No,No,Yes,No,Yes
1282,3390977,2,4,63,91,12,22,30,31,0,No,0,0.95,0.77,0,Yes,No,No,Yes,No,Yes
1283,3391064,4,8,7,8,3,15,25,37,7,No,0,0.97,0.98,0,No,No,No,Yes,No,Yes
1284,3391080,10,2,28,42,8,19,34,51,3,No,0,0.91,0.94,0,No,No,Yes,Yes,No,Yes
1285,3391102,-1,8,4,4,1,1,2,2,0,No,0,0.85,0.64,1,No,No,Yes,Yes,No,Yes
1286,3391140,5,2,10,10,2,9,11,13,0,No,0,0.53,0.53,0,No,No,Yes,Yes,No,Yes
1287,3391142,2,3,74,104,10,30,59,90,23,No,0,0.41,0.46,0,No,No,No,Yes,No,Yes
1288,3391160,6,2,10,20,6,11,22,32,0,No,0,0.48,0.57,0,No,No,No,Yes,No,Yes
1289,3391257,330,2,1530,2310,276,1028,1632,2160,172,No,0,0.98,0.98,0,No,No,No,Yes,No,Yes
1290,3391456,0,2,352,484,0,0,0,0,39,No,0,0.96,0.96,0,No,No,No,Yes,No,Yes
1291,3391572,1,2,0,0,0,0,0,0,0,No,0,0.37,0.34,0,No,No,No,Yes,No,Yes
1292,3391782,19,12,70,89,24,53,96,171,29,No,0,0.73,0.79,0,No,No,No,Yes,No,Yes
1293,3391829,0,8,10,10,0,0,0,0,0,No,0,1,0.98,0,No,No,No,Yes,No,Yes
1294,3391933,1,2,4,6,1,4,4,5,0,No,0,0.83,0.69,0,No,No,No,Yes,No,Yes
1295,3392003,17,2,32,48,8,18,39,59,6,No,0,0.99,0.99,0,No,No,No,Yes,No,Yes
1296,3392234,2,12,0,0,0,0,0,0,0,No,0,0.57,0.68,0,No,No,No,Yes,No,Yes
1297,3392349,4,12,8,12,4,11,15,26,0,No,0,0.73,0.79,0,No,No,No,Yes,No,Yes
1298,3392366,95,8,0,24,2,26,123,128,0,No,0,0.83,0.6,0,No,No,No,Yes,No,Yes
1299,3392371,0,4,10,10,0,0,0,1,0,No,0,0.73,0.78,0,No,No,No,Yes,No,Yes
1300,3392472,1,8,15,17,4,8,10,13,1,No,0,0.25,0.16,0,No,No,No,Yes,No,Yes
1301,3392557,3,2,0,0,12,25,60,79,0,No,0,0.81,0.91,0,No,No,No,Yes,No,Yes
1302,3392883,1,2,1,1,5,7,8,9,0,No,0,0.78,0.75,0,Yes,No,No,Yes,No,Yes
1303,3392897,1,8,135,180,15,46,99,143,21,No,0,0.18,0.33,1,No,No,No,Yes,No,Yes
1304,3392920,2,12,0,1,0,1,1,1,0,No,0,0.99,0.98,0,No,No,No,Yes,No,Yes
1305,3393060,7,2,36,57,6,20,53,66,0,No,0,1,1,0,No,No,No,Yes,No,Yes
1306,3393084,1,2,4,6,0,2,4,6,0,No,0,0.79,0.87,0,No,No,No,Yes,No,Yes
1307,3393257,4,8,20,40,6,14,26,43,0,No,0,0.82,0.9,0,No,No,No,Yes,No,Yes
1308,3393315,1,12,6,6,0,0,0,3,0,No,0,0.73,0.79,0,No,No,No,Yes,No,Yes
1309,3393320,0,2,4,4,0,0,0,0,0,No,0,0.84,0.87,0,No,No,Yes,Yes,No,Yes
1310,3393323,0,2,0,0,0,0,0,0,0,No,0,0.79,0.87,0,Yes,No,No,Yes,No,Yes
1311,3393328,0,2,56,63,7,7,7,7,0,No,0,0.73,0.7,5,Yes,No,No,Yes,No,Yes
1312,3393373,0,8,6,8,1,4,6,8,0,No,0,0,0,0,No,No,No,Yes,No,Yes
1313,3393583,1,8,0,0,0,0,0,0,0,No,0,0.97,0.96,0,No,No,No,Yes,No,Yes
1314,3393652,0,8,17,17,0,0,1,1,0,No,0,0.93,0.89,0,No,No,No,Yes,No,Yes
1315,3393694,17,8,33,66,6,21,46,72,6,No,0,0.37,0.74,0,No,No,No,Yes,No,Yes
1316,3393741,3,9,41,56,3,30,44,69,0,No,0,0.98,0.98,0,No,No,No,Yes,No,Yes
1317,3393816,9,2,0,0,1,1,3,5,0,No,0,0.82,0.81,0,No,No,No,Yes,No,Yes
1318,3393894,0,8,15,20,2,9,13,20,2,No,0,0.82,0.81,0,No,No,No,Yes,No,Yes
1319,3393963,9,2,40,60,9,23,45,53,0,No,0,0.94,0.8,0,No,No,No,Yes,No,Yes
1320,3394230,0,2,14,14,0,0,0,0,1,No,0,0.85,0.83,0,Yes,No,No,Yes,No,Yes
1321,3394261,0,2,30,30,0,1,1,1,0,No,0,0.99,0.96,0,Yes,No,No,Yes,No,Yes
1322,3394363,0,8,2,3,0,1,1,1,1,No,0,0.86,0.77,0,No,No,No,Yes,No,Yes
1323,3394415,3,2,5,10,6,8,16,22,0,No,0,0.54,0.61,0,No,No,No,Yes,No,Yes
1324,3394828,3,8,13,13,1,6,9,10,0,No,0,0.99,0.98,0,No,No,No,Yes,No,Yes
1325,3394874,0,8,43,49,5,16,35,63,3,No,0,0.89,0.94,2,No,No,No,Yes,No,Yes
1326,3394912,6,4,0,0,2,11,19,27,0,No,0,0.89,0.9,0,No,No,No,Yes,No,Yes
1327,3394937,1,3,3,4,0,1,2,3,0,No,0,0.89,0.9,0,No,No,No,Yes,No,Yes
1328,3395031,0,8,77,109,2,21,39,45,7,No,0,0.98,0.99,0,No,No,No,Yes,No,Yes
1329,3395212,20,2,100,124,75,198,359,362,45,No,0,0.71,0.8,3,No,No,No,Yes,No,Yes
1330,3395217,3,2,10,16,0,3,3,3,2,No,0,0.83,0.85,0,No,No,No,Yes,No,Yes
1331,3395487,33,2,120,240,16,81,188,306,4,No,0,0.89,0.94,0,No,No,No,Yes,No,Yes
1332,3395517,12,8,18,27,16,32,65,92,10,No,0,0.94,0.8,0,No,No,No,Yes,No,Yes
1333,3395601,5,8,40,50,7,21,50,73,8,No,0,0.99,0.98,0,No,No,Yes,Yes,No,Yes
1334,3395603,3,9,4,8,2,7,16,30,2,No,0,0.98,0.98,0,No,No,No,Yes,No,Yes
1335,3395618,8,8,0,2,1,4,8,11,5,No,0,0.95,0.77,0,No,No,No,Yes,No,Yes
1336,3395666,0,8,8,8,0,6,11,15,0,No,0,0.4,0.41,0,No,No,No,Yes,No,Yes
1337,3395866,5,4,24,36,3,10,20,29,1,No,0,1,0.93,0,No,No,No,Yes,No,Yes
1338,3395927,0,2,28,42,0,0,0,0,0,No,0,0.9,0.93,0,No,No,No,Yes,No,Yes
1339,3396166,1,8,41,54,10,25,41,59,0,No,0,0.77,0.76,0,No,No,No,Yes,No,Yes
1340,3396684,3,8,51,83,5,19,36,51,5,No,0,0.52,0.67,0,No,No,No,Yes,No,Yes
1341,3396812,6,2,10,10,2,4,6,8,1,No,0,0.65,0.51,0,Yes,No,No,Yes,No,Yes
1342,3396890,8,8,23,42,4,13,30,41,0,No,0,0.7,0.73,0,No,No,No,Yes,No,Yes
1343,3396898,0,4,7,9,0,3,6,6,0,No,0,0.79,0.66,0,No,No,No,Yes,No,Yes
1344,3397123,1,8,29,29,0,1,2,3,0,No,0,0.5,0.52,0,Yes,No,No,No,No,Yes
1345,3397307,0,2,27,36,4,13,22,26,0,No,0,0.83,0.86,0,No,No,No,Yes,No,Yes
1346,3397333,0,,0,0,18,53,94,124,21,No,0,-99,-99,0,No,No,No,No,No,Yes
1347,3397543,0,8,400,512,0,0,0,0,49,No,0,0.73,0.7,0,No,No,Yes,Yes,No,Yes
1348,3397569,42,8,445,632,61,216,391,416,0,No,0,0.7,0.73,0,No,No,No,Yes,No,Yes
1349,3397573,5,2,0,0,5,8,12,13,0,No,0,0.78,0.75,0,Yes,No,No,Yes,No,Yes
1350,3397679,8,3,215,293,33,94,165,226,20,No,0,0.41,0.46,0,No,No,No,Yes,No,Yes
1351,3397704,0,12,2,3,2,3,3,3,0,No,0,0.73,0.79,0,No,No,No,Yes,No,Yes
1352,3397739,33,2,350,350,27,80,115,183,22,No,0,0.5,0.52,0,Yes,No,Yes,No,No,Yes
1353,3397752,2,12,108,144,12,43,83,113,0,No,0,0.07,0.19,0,No,No,No,Yes,No,Yes
1354,3397783,0,2,7,7,0,0,0,0,1,No,0,0.91,0.93,0,Yes,No,No,Yes,No,Yes
1355,3397793,2,2,8,14,2,5,8,16,0,No,0,0.97,0.93,0,No,No,No,Yes,No,Yes
1356,3397826,0,12,9,13,5,11,19,25,0,No,0,0.73,0.79,0,No,No,No,Yes,No,Yes
1357,3397831,30,2,32,56,11,42,68,79,0,No,0,0.89,0.86,0,No,No,No,Yes,No,Yes
1358,3397861,2,8,30,30,0,5,11,16,0,No,0,0.53,0.54,0,No,No,Yes,Yes,No,Yes
1359,3397896,3,9,2,4,0,2,4,5,0,No,0,0.7,0.66,0,No,No,No,Yes,No,Yes
1360,3397979,0,4,1,1,0,0,0,0,0,No,0,0.7,0.66,0,No,No,No,Yes,No,Yes
1361,3398006,0,2,52,55,0,0,0,0,1,No,0,0.98,0.99,0,No,No,No,Yes,No,Yes
1362,3398009,1,2,6,6,2,2,3,3,0,No,0,0.75,0.54,0,No,No,No,Yes,No,Yes
1363,3398418,4,2,2,4,0,2,4,4,0,No,0,0.99,0.99,0,No,No,No,Yes,No,Yes
1364,3398427,0,8,3,3,1,2,2,3,1,No,0,0.79,0.86,0,No,No,No,Yes,No,Yes
1365,3398498,8,8,21,33,4,17,31,47,0,No,0,0.97,0.92,0,No,No,No,Yes,No,Yes
1366,3398539,9,8,29,43,3,17,38,73,4,No,0,1,0.93,0,No,No,No,Yes,No,Yes
1367,3398698,2,8,7,11,1,6,13,15,0,No,0,0.37,0.34,0,No,No,No,Yes,No,Yes
1368,3398898,0,2,38,38,0,0,0,0,1,No,0,0.77,0.79,0,Yes,No,No,Yes,No,Yes
1369,3398908,6,2,20,20,3,13,20,22,0,No,0,0.71,0.63,0,No,No,No,Yes,No,Yes
1370,3398940,2,12,70,106,12,16,17,19,0,No,0,0.73,0.79,0,No,No,No,Yes,No,Yes
1371,3398956,0,2,8,8,0,0,0,0,1,No,0,0.54,0.56,0,Yes,No,No,Yes,No,Yes
1372,3399147,3,8,43,54,0,10,20,32,5,No,0,0.83,0.8,0,No,No,Yes,Yes,No,Yes
1373,3399227,0,,52,52,0,0,0,0,0,No,0,-99,-99,0,Yes,No,No,Yes,No,Yes
1374,3399445,72,8,552,848,136,403,728,987,89,No,0,0.97,0.98,0,No,No,No,Yes,No,Yes
1375,3399545,1,8,26,30,1,14,21,32,0,No,0,0.82,0.9,0,No,No,No,Yes,No,Yes
1376,3399589,11,8,33,44,5,12,33,62,0,No,0,0.48,0.36,0,No,No,No,Yes,No,Yes
1377,3399690,13,2,21,36,8,25,28,29,0,No,0,1,0.95,0,No,No,No,Yes,No,Yes
1378,3399801,8,8,1,3,1,3,7,17,0,No,0,0.9,0.94,0,No,No,No,Yes,No,Yes
1379,3399894,0,4,3,3,0,0,0,0,0,No,0,0.89,0.9,0,Yes,No,No,Yes,No,Yes
1380,3400361,4,2,0,0,1,2,5,8,0,No,0,0.99,0.99,0,No,No,No,Yes,No,Yes
1381,3400434,0,8,25,33,1,7,9,13,5,No,0,0.97,0.96,0,No,No,No,Yes,No,Yes
1382,3400487,13,8,72,96,10,29,68,109,0,No,0,0.99,0.99,0,No,No,No,Yes,No,Yes
1383,3400592,5,8,32,50,7,15,19,22,4,No,0,0.53,0.53,0,No,No,Yes,Yes,No,Yes
1384,3400686,2,8,4,6,2,4,6,11,0,No,0,1,0.98,0,No,No,No,Yes,No,Yes
1385,3400796,2,8,13,22,2,17,36,52,54,No,0,0.56,0.68,0,No,No,No,Yes,No,Yes
1386,3400846,0,10,4,4,0,0,0,0,0,No,0,0.89,0.9,0,No,No,No,Yes,No,Yes
1387,3400872,0,2,7,7,0,0,0,0,0,No,0,0.82,0.81,0,No,No,Yes,Yes,No,Yes
1388,3400928,0,9,2,3,1,1,2,5,0,No,0,0.99,0.99,0,No,No,No,Yes,No,Yes
1389,3400980,4,2,213,213,11,36,98,140,6,No,0,0,0,0,No,No,No,Yes,No,Yes
1390,3400986,1,12,16,24,2,12,18,28,0,No,0,0.57,0.68,0,No,No,No,Yes,No,Yes
1391,3401064,30,8,50,68,11,20,42,84,44,No,0,0.9,0.92,0,No,No,No,Yes,No,Yes
1392,3401140,211,12,1000,1000,10,60,180,275,64,No,0,0.98,0.96,0,No,No,No,Yes,No,Yes
1393,3401176,-8,12,0,0,4,11,41,77,2,No,0,0.68,0.68,0,No,No,Yes,Yes,No,Yes
1394,3401220,2,8,12,24,4,16,26,32,0,No,0,0.13,0.17,0,No,No,No,Yes,No,Yes
1395,3401532,8,8,40,40,9,19,30,104,5,No,0,0.89,0.95,0,No,No,No,Yes,No,Yes
1396,3401542,0,8,25,35,4,10,19,27,0,No,0,0.82,0.81,0,No,No,No,Yes,No,Yes
1397,3401845,0,2,13,16,0,3,6,6,0,No,0,0.24,0.22,0,Yes,No,No,Yes,No,Yes
1398,3401861,0,8,21,21,0,0,0,0,0,No,0,0.92,0.91,0,Yes,No,Yes,Yes,No,Yes
1399,3401864,0,3,16,16,0,1,1,2,0,No,0,0.41,0.46,0,Yes,No,Yes,Yes,No,Yes
1400,3402031,-294,,0,0,142,301,945,2094,238,No,0,-99,-99,0,No,No,No,No,No,Yes
1401,3402033,7,8,142,203,16,56,113,168,14,No,0,0.99,0.98,1,No,No,Yes,Yes,No,Yes
1402,3402086,1,8,16,22,0,8,13,18,0,No,0,0.19,0.49,0,No,No,No,Yes,No,Yes
1403,3402312,5,8,7,9,2,8,11,20,0,No,0,0.95,0.77,0,No,No,No,Yes,No,Yes
1404,3402388,5,8,4,4,3,4,8,10,0,No,0,0.49,0.57,0,No,No,Yes,Yes,No,Yes
1405,3402639,0,,0,0,2,2,2,2,1,No,0,-99,-99,0,No,No,No,Yes,No,Yes
1406,3402768,0,2,18,18,0,0,0,0,1,No,0,0.88,0.91,0,Yes,No,Yes,Yes,No,Yes
1407,3402804,0,5,52,52,0,0,0,0,0,No,0,0.65,0.71,0,Yes,No,Yes,Yes,No,Yes
1408,3403144,8,8,25,49,4,22,41,53,0,No,0,0.99,0.99,0,No,No,No,Yes,No,Yes
1409,3403176,10,12,15,15,13,21,40,64,0,No,0,0.77,0.73,3,No,No,No,Yes,No,Yes
1410,3403310,1,8,2,3,0,1,1,1,0,No,0,0.96,0.88,0,No,No,No,Yes,No,Yes
1411,3403333,9,4,20,40,10,20,36,52,0,No,0,0.57,0.68,0,No,No,No,Yes,No,Yes
1412,3403419,0,2,4,4,0,2,3,3,0,No,0,0.5,0.5,2,No,No,No,Yes,No,Yes
1413,3403440,0,8,12,16,0,4,5,8,0,No,0,0.82,0.81,0,No,No,No,Yes,No,Yes
1414,3403596,26,2,0,0,8,15,48,64,0,No,0,0.97,0.96,0,No,No,No,Yes,No,Yes
1415,3403746,0,8,5,6,0,0,1,2,0,No,0,0.18,0.1,0,No,No,Yes,Yes,No,Yes
1416,3403981,1,9,4,6,1,2,4,6,1,No,0,0.96,0.97,0,No,No,Yes,Yes,No,Yes
1417,3404014,1,8,12,17,4,10,22,29,0,No,0,0.98,0.99,0,No,No,No,Yes,No,Yes
1418,3404149,0,9,7,7,0,2,6,10,2,No,0,0.7,0.66,0,No,No,No,Yes,No,Yes
1419,3404368,16,2,24,48,4,14,33,49,1,No,0,1,0.95,0,No,No,No,Yes,No,Yes
1420,3404380,0,2,0,0,0,0,0,0,0,No,0,0.53,0.53,0,No,No,No,Yes,No,Yes
1421,3404411,4,2,0,0,1,1,5,8,2,No,0,1,0.99,0,No,No,No,Yes,No,Yes
1422,3404623,0,2,41,41,0,0,0,0,1,No,0,0.34,0.51,0,Yes,No,Yes,Yes,No,Yes
1423,3404811,5,8,3,5,3,4,13,26,8,No,0,0.87,0.91,0,No,No,No,Yes,No,Yes
1424,3404884,5,2,20,40,3,18,22,22,0,No,0,1,0.99,0,No,No,No,Yes,No,Yes
1425,3404978,24,8,24,24,6,24,32,46,1,No,0,0.89,0.9,0,No,No,No,Yes,No,Yes
1426,3405205,3,2,15,15,4,9,12,28,0,No,0,0.97,0.97,0,No,No,No,Yes,No,Yes
1427,3405277,0,2,15,20,2,4,9,13,0,No,0,0.97,0.93,0,No,No,No,Yes,No,Yes
1428,3405469,1,8,2,3,1,1,2,4,0,No,0,0.77,0.71,0,No,No,No,Yes,No,Yes
1429,3405501,10,8,0,0,0,1,3,5,0,No,0,1,1,0,No,No,No,Yes,No,Yes
1430,3405593,3,2,0,2,1,1,1,1,0,No,0,0.46,0.25,0,No,No,No,Yes,No,Yes
1431,3405623,7,8,45,56,7,19,43,58,2,No,0,0.83,0.7,0,No,No,No,Yes,No,Yes
1432,3405814,-2,8,1000,1000,0,25,26,35,3,No,0,-99,-99,2,No,No,No,Yes,No,Yes
1433,3405858,0,2,6,6,0,0,0,0,0,No,0,0.97,0.95,0,Yes,No,No,Yes,No,Yes
1434,3405859,21,12,90,145,17,45,52,53,0,No,0,0.53,0.55,0,No,No,No,Yes,No,Yes
1435,3405897,0,8,24,24,0,0,7,12,1,No,0,0.13,0.17,0,No,No,No,Yes,No,Yes
1436,3405916,150,8,807,1077,151,407,723,1082,144,No,0,0.53,0.54,0,No,No,No,Yes,No,Yes
1437,3406532,0,2,121,121,0,0,0,0,7,No,0,0.78,0.9,0,No,No,Yes,Yes,No,Yes
1438,3406474,1,8,0,0,1,1,1,1,0,No,0,0.82,0.89,0,No,No,No,Yes,No,Yes
1439,3406500,0,8,4,4,0,2,4,4,0,No,0,0.37,0.34,0,No,No,No,Yes,No,Yes
1440,3406750,24,2,0,0,0,0,0,0,1,No,0,0.79,0.71,0,Yes,No,No,Yes,No,Yes
1441,3406768,1,2,108,154,20,63,117,161,0,No,0,0.99,0.99,0,No,No,No,Yes,No,Yes
1442,3406825,1,9,9,12,3,9,12,15,0,No,0,0.99,0.99,0,No,No,No,Yes,No,Yes
1443,3406834,20,8,240,320,41,90,125,163,15,No,0,0.97,0.96,0,No,No,No,Yes,No,Yes
1444,3406960,24,9,0,0,0,0,0,4,1,No,0,0.98,0.98,0,No,No,No,Yes,No,Yes
1445,3407042,1,2,5,7,2,7,7,7,0,No,0,1,1,0,No,No,No,Yes,No,Yes
1446,3407043,7,8,32,32,4,12,26,41,0,No,0,0.81,0.78,0,No,No,No,Yes,No,Yes
1447,3407156,0,0,9,11,3,6,8,9,1,No,0,0,0,0,No,No,Yes,Yes,No,Yes
1448,3407281,2,3,30,30,6,9,9,9,0,No,0,0.41,0.46,0,Yes,No,No,Yes,No,Yes
1449,3407358,3,2,0,0,4,5,13,23,0,No,0,0.97,0.96,0,No,No,No,Yes,No,Yes
1450,3407405,1,4,7,7,2,4,4,4,0,No,0,0.79,0.66,0,No,No,No,Yes,No,Yes
1451,3407407,0,8,1246,1550,0,0,0,0,105,No,0,0.97,0.98,0,Yes,No,Yes,No,No,Yes
1452,3407410,2,2,60,60,0,2,3,3,0,No,0,0.85,0.72,0,Yes,No,No,Yes,No,Yes
1453,3407425,4,2,3,3,0,0,0,0,1,No,0,0.97,0.96,0,Yes,No,Yes,Yes,No,Yes
1454,3407460,3,0,18,18,3,7,16,23,1,No,0,0,0,0,No,No,No,No,No,Yes
1455,3407490,-160,5,514,580,101,261,501,762,521,No,0,0.73,0.7,159,No,No,No,Yes,No,Yes
1456,3407864,15,12,47,71,2,15,35,64,5,No,0,0.73,0.79,0,No,No,Yes,Yes,No,Yes
1457,3408175,6,12,39,57,10,28,39,48,0,No,0,0.69,0.72,0,No,No,No,Yes,No,Yes
1458,3408207,3,8,12,20,2,4,7,7,0,No,0,0.9,0.9,0,No,No,No,Yes,No,Yes
1459,3408237,3,2,7,10,4,7,14,19,0,No,0,0.99,0.98,0,No,No,No,Yes,No,Yes
1460,3408246,0,8,8,11,1,4,10,13,0,No,0,0.37,0.34,0,No,No,No,Yes,No,Yes
1461,3408249,1,8,4,8,4,10,16,22,2,No,0,0.46,0.65,0,No,No,No,Yes,No,Yes
1462,3408346,8,8,81,135,5,26,61,112,0,No,0,0.96,0.9,0,No,No,No,Yes,No,Yes
1463,3408387,18,3,72,96,27,58,65,66,9,No,0,0.41,0.46,0,Yes,No,Yes,Yes,No,Yes
1464,3408406,2,0,10,10,1,7,9,9,1,No,0,0,0,0,Yes,No,No,Yes,No,Yes
1465,3408531,32,4,40,80,16,41,104,140,0,No,0,0.87,0.91,0,No,No,No,Yes,No,Yes
1466,3408768,6,12,41,61,7,30,41,59,15,No,0,0.93,0.95,0,No,No,No,Yes,No,Yes
1467,3408830,3,9,12,18,8,12,17,21,1,No,0,0.99,0.99,0,No,No,No,Yes,No,Yes
1468,3408834,5,2,8,12,1,4,8,12,0,No,0,0.13,0.17,0,No,No,No,Yes,No,Yes
1469,3408927,-14,,117,117,17,44,80,80,2,No,0,-99,-99,14,No,No,No,Yes,No,Yes
1470,3408968,2,9,2,4,1,2,3,4,0,No,0,0.99,0.99,0,No,No,No,Yes,No,Yes
1471,3408990,12,2,60,100,16,41,103,140,0,No,0,0.97,0.96,0,No,No,No,Yes,No,Yes
1472,3409066,9,8,0,0,5,10,17,32,0,No,0,0.37,0.34,0,No,No,No,Yes,No,Yes
1473,3409072,6,2,40,40,2,6,10,15,0,No,0,0.99,0.99,0,No,No,No,Yes,No,Yes
1474,3409181,6,2,15,20,2,4,13,28,0,No,0,0.97,0.93,0,No,No,No,Yes,No,Yes
1475,3409185,7,2,24,40,1,14,28,32,0,No,0,0.73,0.76,0,No,No,No,Yes,No,Yes
1476,3409347,21,2,6,15,5,12,29,29,3,No,0,0.92,0.9,0,Yes,No,No,Yes,No,Yes
1477,3409350,26,2,60,60,15,25,28,30,2,No,0,0.82,0.68,0,Yes,No,No,Yes,No,Yes
1478,3409353,11,2,220,340,22,64,111,121,0,No,0,0.33,0.32,0,Yes,No,No,Yes,No,Yes
1479,3409531,5,8,79,108,23,29,72,88,0,No,0,0.79,0.66,0,No,No,No,Yes,No,Yes
1480,3409543,1,8,15,21,1,6,12,17,2,No,0,0.74,0.58,0,No,No,No,Yes,No,Yes
1481,3410202,2,8,9,15,2,3,9,14,2,No,0,0.96,0.88,0,No,No,No,Yes,No,Yes
1482,3410269,0,4,1,2,0,0,0,0,0,No,0,0.57,0.68,0,No,No,No,Yes,No,Yes
1483,3410275,0,12,0,0,0,0,0,0,0,No,0,0.73,0.79,0,No,No,No,Yes,No,Yes
1484,3410291,0,2,10,10,1,1,1,1,0,No,0,0.82,0.81,0,No,No,Yes,Yes,No,Yes
1485,3410356,5,9,1,3,0,0,4,8,0,No,0,0.85,0.82,0,No,No,No,Yes,No,Yes
1486,3410493,0,8,19,29,1,6,11,17,1,No,0,0.98,0.99,0,No,No,No,Yes,No,Yes
1487,3410706,3,12,23,35,3,15,24,32,2,No,0,0.91,0.7,0,No,No,No,Yes,No,Yes
1488,3410908,1,8,16,24,3,12,20,31,2,No,0,0.98,0.95,0,No,No,No,Yes,No,Yes
1489,3411046,2,2,12,16,6,10,13,21,0,No,0,0.37,0.34,0,No,No,No,Yes,No,Yes
1490,3411204,0,12,4,5,2,2,4,7,0,No,0,0.73,0.79,0,No,No,No,Yes,No,Yes
1491,3411227,13,,0,0,0,5,5,5,0,No,0,-99,-99,0,No,No,No,Yes,No,Yes
1492,3411237,4,8,100,100,9,22,43,74,0,No,0,0,0,0,No,No,No,Yes,No,Yes
1493,3411387,4,8,17,25,2,12,19,28,0,No,0,1,0.92,0,No,No,No,Yes,No,Yes
1494,3411524,9,9,0,0,3,8,14,20,0,No,0,0.94,0.83,0,No,No,No,Yes,No,Yes
1495,3411589,2,8,0,1,0,0,2,2,5,No,0,0.98,0.99,0,No,No,Yes,Yes,No,Yes
1496,3411747,4,8,3,4,1,2,6,10,0,No,0,0.37,0.34,0,No,No,No,Yes,No,Yes
1497,3411839,21,12,138,218,21,64,91,130,16,No,0,0.73,0.79,0,No,No,No,Yes,No,Yes
1498,3411840,-3,0,77,105,7,27,51,89,4,No,0,0,0,3,No,No,No,No,No,Yes
1499,3411885,0,12,7,9,0,3,4,4,0,No,0,0.57,0.68,0,No,No,No,Yes,No,Yes
1500,3411894,13,2,30,40,11,30,44,57,3,No,0,0.47,0.44,0,No,No,No,Yes,No,Yes
1501,3412000,1,2,3,4,2,3,3,5,1,No,0,0.13,0.15,0,No,No,No,Yes,No,Yes
1502,3412454,0,8,138,201,0,0,0,0,0,No,0,0.73,0.7,0,No,No,No,Yes,No,Yes
1503,3412595,0,8,20,20,5,10,17,28,3,No,0,0,0.07,0,No,No,No,Yes,No,Yes
1504,3412782,3,2,10,10,0,3,3,6,0,No,0,0.99,0.99,0,No,No,No,Yes,No,Yes
1505,3412934,0,12,6,7,1,4,8,11,0,No,0,0.73,0.79,0,No,No,No,Yes,No,Yes
1506,3413127,6,4,11,17,4,9,11,13,0,No,0,0.7,0.66,0,Yes,No,No,Yes,No,Yes
1507,3413203,39,8,12,12,0,9,35,70,14,No,0,0.99,0.99,0,No,No,No,Yes,No,Yes
1508,3413863,0,9,5,5,0,0,0,0,0,No,0,0.7,0.66,0,No,No,No,Yes,No,Yes
1509,3413867,3,,3,4,6,6,10,10,2,No,0,-99,-99,0,No,No,No,Yes,No,Yes
1510,3413905,16,3,0,0,1,1,28,34,0,No,0,0.89,0.9,0,No,No,No,Yes,No,Yes
1511,3414042,0,2,12,12,2,2,2,2,1,No,0,0.37,0.33,0,No,No,No,Yes,No,Yes
1512,3414079,0,,0,0,1,1,1,1,1,No,0,-99,-99,1,No,No,No,Yes,No,Yes
1513,3414083,0,2,0,0,0,0,0,0,0,No,0,0.54,0.56,0,No,No,No,Yes,No,Yes
1514,3414084,48,2,646,910,179,474,478,488,123,No,0,0.84,0.87,2,No,No,Yes,Yes,No,Yes
1515,3414387,-1,8,7,10,1,4,6,9,1,No,0,0.99,0.96,0,No,No,No,Yes,No,Yes
1516,3414698,0,12,49,61,5,13,27,39,9,No,0,0.99,0.99,0,No,No,No,Yes,No,Yes
1517,3414713,25,8,60,60,16,59,110,148,5,No,0,0.85,0.8,0,No,No,No,Yes,No,Yes
1518,3414835,8,2,28,44,3,23,28,28,0,No,0,1,0.99,0,No,No,No,Yes,No,Yes
1519,3414984,3,8,45,55,0,10,14,32,0,No,0,0.7,0.71,0,No,No,No,Yes,No,Yes
1520,3415035,0,,5,5,0,0,0,0,0,No,0,-99,-99,0,No,No,No,Yes,No,Yes
1521,3415049,1,2,2,2,0,0,0,0,0,No,0,0.38,0.38,0,No,No,Yes,Yes,No,Yes
1522,3415071,6,2,0,0,4,4,4,5,0,No,0,1,0.99,0,Yes,No,Yes,Yes,No,Yes
1523,3415121,0,8,3,4,0,1,2,2,0,No,0,0,0,0,No,No,No,Yes,No,Yes
1524,3415227,-3,8,46,46,7,15,25,35,5,No,0,0.79,0.66,3,No,No,No,Yes,No,Yes
1525,3415256,0,8,2,3,0,0,1,1,0,No,0,0,0,0,No,No,No,Yes,No,Yes
1526,3415278,0,12,3,4,3,3,5,7,1,No,0,0.73,0.79,0,No,No,No,Yes,No,Yes
1527,3415329,0,2,800,800,0,0,0,0,321,No,0,0.97,0.96,0,No,No,No,Yes,No,Yes
1528,3415356,1,8,41,53,3,15,24,26,0,No,0,0.51,0.31,0,No,No,No,Yes,No,Yes
1529,3415528,0,8,14,14,0,0,7,7,0,No,0,0.88,0.91,5,No,No,Yes,Yes,No,Yes
1530,3415548,2,8,96,128,14,70,119,195,24,No,0,0.81,0.91,0,No,No,No,Yes,No,Yes
1531,3415568,5,8,45,63,4,19,23,28,3,No,0,0.54,0.61,0,No,No,No,Yes,No,Yes
1532,3415827,3,2,6,12,1,6,8,9,0,No,0,0.92,0.92,0,No,No,No,Yes,No,Yes
1533,3415870,10,3,84,120,10,21,35,35,6,No,0,0.75,0.66,0,No,No,No,Yes,No,Yes
1534,3415937,2,2,0,0,0,0,0,2,0,No,0,0.99,0.99,0,No,No,No,Yes,No,Yes
1535,3415972,0,2,653,845,0,0,0,0,25,No,0,0.97,0.97,0,No,No,No,Yes,No,Yes
1536,3415993,0,8,6,6,3,6,9,15,0,No,0,0.37,0.34,0,No,No,No,Yes,No,Yes
1537,3416342,16,2,69,92,12,31,61,82,0,No,0,0.79,0.87,0,No,No,No,Yes,No,Yes
1538,3416367,-5,8,50,50,4,6,18,32,0,No,0,0.83,0.86,5,No,No,No,Yes,No,Yes
1539,3416540,1,8,8,10,0,3,6,6,0,No,0,0.66,0.67,0,No,No,No,Yes,No,Yes
1540,3416543,9,8,24,32,3,15,26,36,0,No,0,0.78,0.75,0,No,No,No,Yes,No,Yes
1541,3416570,12,8,32,32,2,8,23,40,22,No,0,0,0,0,No,No,No,Yes,No,Yes
1542,3416601,14,8,166,239,34,146,221,302,23,No,0,0.73,0.7,1,No,No,Yes,Yes,No,Yes
1543,3416623,1,12,8,16,2,9,17,23,0,No,0,0.46,0.4,0,No,No,No,Yes,No,Yes
1544,3416686,5,2,0,0,0,1,2,2,1,No,0,-99,-99,0,Yes,No,No,Yes,No,Yes
1545,3416692,1,9,3,5,1,2,4,7,0,No,0,0.54,0.48,0,No,No,No,Yes,No,Yes
1546,3416750,66,2,0,0,5,11,16,27,0,No,0,1,0.98,0,No,No,No,Yes,No,Yes
1547,3416820,0,12,0,0,0,0,0,0,0,No,0,0.57,0.68,0,No,No,No,Yes,No,Yes
1548,3417047,0,2,3,3,0,0,0,0,0,No,0,0,0,0,Yes,No,Yes,Yes,No,Yes
1549,3417277,2,8,4,6,1,4,4,6,4,No,0,0.98,0.94,0,No,No,No,Yes,No,Yes
1550,3417451,2,8,20,26,4,10,26,43,4,No,0,0.88,0.68,0,No,No,Yes,Yes,No,Yes
1551,3417482,1,8,7,8,0,2,9,13,0,No,0,0.95,0.77,0,No,No,No,Yes,No,Yes
1552,3417510,327,2,5426,5426,346,973,1699,2403,195,No,0,0.5,0.52,0,Yes,No,Yes,No,No,Yes
1553,3417730,0,2,92,142,12,35,86,135,0,No,0,0.9,0.95,0,No,No,Yes,Yes,No,Yes
1554,3417740,5,3,16,16,3,6,11,17,0,No,0,0.98,0.98,0,No,No,No,Yes,No,Yes
1555,3417857,1,2,1,2,1,10,10,11,3,No,0,1,0.99,0,No,No,No,No,No,Yes
1556,3417859,5,8,8,12,1,5,8,15,0,No,0,0.61,0.62,0,No,No,No,Yes,No,Yes
1557,3417887,1,12,32,48,0,2,15,24,0,No,0,0.73,0.79,0,No,No,No,Yes,No,Yes
1558,3417977,0,2,20,26,0,4,5,5,0,No,0,0.88,0.83,0,Yes,No,Yes,Yes,No,Yes
1559,3418403,7,8,66,99,13,35,77,103,21,No,0,0.96,0.88,0,No,No,No,Yes,No,Yes
1560,3418422,38,,0,0,3,213,303,343,28,No,0,-99,-99,0,No,No,No,No,No,Yes
1561,3418453,0,12,53,62,4,4,6,8,13,No,0,0.73,0.7,5,No,No,No,Yes,No,Yes
1562,3418554,2,8,2,3,0,1,1,3,0,No,0,0.99,0.98,0,No,No,No,Yes,No,Yes
1563,3418704,0,8,9,12,1,5,7,11,2,No,0,0.92,0.87,0,No,No,No,Yes,No,Yes
1564,3418911,10,12,12,37,17,17,17,17,0,No,0,0.73,0.79,0,No,No,No,Yes,No,Yes
1565,3418928,0,2,11,11,0,0,0,0,1,No,0,0.12,0.1,0,Yes,No,Yes,Yes,No,Yes
1566,3418930,4,2,0,0,0,0,2,2,0,No,0,0.54,0.56,0,Yes,No,No,Yes,No,Yes
1567,3418964,6,12,3,6,1,3,6,6,4,No,0,0.73,0.79,0,No,No,No,Yes,No,Yes
1568,3418991,3,8,30,45,7,15,29,48,0,No,0,0.84,0.8,0,No,No,No,Yes,No,Yes
1569,3419335,0,8,10,10,0,1,4,9,0,No,0,0.87,0.88,0,No,No,Yes,Yes,No,Yes
1570,3419472,8,8,0,2,1,3,5,8,0,No,0,0.89,0.9,0,No,No,No,Yes,No,Yes
1571,3420131,21,8,1000,1000,11,124,160,222,33,No,0,0,0,0,No,No,No,Yes,No,Yes
1572,3420133,30,5,293,403,20,104,322,524,26,No,0,0.75,0.67,1,No,No,No,Yes,No,Yes
1573,3420162,22,4,28,56,14,41,71,96,0,No,0,0.97,0.98,0,No,No,No,Yes,No,Yes
1574,3420165,68,8,140,210,10,66,148,195,0,No,0,0.79,0.71,0,No,No,No,Yes,No,Yes
1575,3420170,10,2,2,4,0,4,7,8,1,No,0,-99,-99,0,No,No,No,Yes,No,Yes
1576,3420378,0,12,2,2,0,0,0,0,0,No,0,0.94,0.87,0,No,No,Yes,Yes,No,Yes
1577,3420420,0,12,3,5,0,2,2,2,0,No,0,0.73,0.79,0,No,No,No,Yes,No,Yes
1578,3420431,3,8,16,24,0,5,13,21,0,No,0,0.18,0.33,0,No,No,No,Yes,No,Yes
1579,3420578,0,4,90,136,11,28,53,74,2,No,0,0.97,0.94,0,No,No,No,Yes,No,Yes
1580,3420586,12,12,508,720,73,251,419,599,50,No,0,0.57,0.68,6,No,No,No,Yes,No,Yes
1581,3420743,2,8,8,10,1,3,5,10,1,No,0,0.85,0.92,0,No,No,Yes,Yes,No,Yes
1582,3420799,37,2,150,250,22,54,65,67,10,No,0,0.91,0.95,0,No,No,No,Yes,No,Yes
1583,3420802,0,9,5,5,0,0,0,0,0,No,0,0.7,0.66,0,No,No,No,Yes,No,Yes
1584,3420809,3,2,70,120,11,32,38,38,0,No,0,0.98,0.99,0,No,No,No,Yes,No,Yes
1585,3420810,37,2,48,96,33,86,93,96,34,No,0,1,0.99,0,Yes,No,No,Yes,No,Yes
1586,3420822,0,8,2,2,0,0,0,0,0,No,0,0.37,0.34,0,No,No,Yes,Yes,No,Yes
1587,3420895,7,8,2,8,0,7,14,18,1,No,0,1,1,0,No,No,No,Yes,No,Yes
1588,3421030,-3,8,184,256,17,75,133,168,34,No,0,0.74,0.57,4,No,No,Yes,Yes,No,Yes
1589,3421215,0,8,30,60,4,15,26,53,0,No,0,0.9,0.94,0,No,No,No,Yes,No,Yes
1590,3421321,0,8,10,10,0,7,8,9,0,No,0,0.18,0.33,0,No,No,No,Yes,No,Yes
1591,3421430,2,2,0,10,0,0,1,1,0,No,0,0.9,0.93,0,No,No,No,Yes,No,Yes
1592,3421467,-1,2,30,30,5,11,13,13,0,No,0,0.46,0.65,1,Yes,No,Yes,Yes,No,Yes
1593,3421541,0,12,2,2,0,0,0,0,0,No,0,0.57,0.68,0,No,No,No,Yes,No,Yes
1594,3421581,0,8,8,8,2,3,3,6,0,No,0,0.53,0.53,0,No,No,Yes,Yes,No,Yes
1595,3421590,0,9,19,24,4,8,13,16,0,No,0,0.7,0.66,0,No,No,No,Yes,No,Yes
1596,3421642,0,12,16,20,1,5,12,21,0,No,0,0.46,0.4,0,No,No,No,Yes,No,Yes
1597,3421644,9,9,24,32,5,13,23,33,3,No,0,1,1,0,No,No,No,Yes,No,Yes
1598,3421663,0,16,3,3,0,0,1,1,0,No,0,0.31,0.4,0,No,No,No,Yes,No,Yes
1599,3421665,32,11,25,54,1,7,53,177,4,No,0,0.85,0.8,0,No,No,No,Yes,No,Yes
1600,3421768,0,8,5,5,0,0,0,0,0,No,0,0.37,0.34,0,No,No,No,Yes,No,Yes
1601,3421776,0,2,160,200,0,0,0,0,16,No,0,-99,-99,0,No,No,No,Yes,No,Yes
1602,3422092,12,8,49,77,15,43,75,115,3,No,0,0.95,0.89,0,No,No,No,Yes,No,Yes
1603,3422130,17,8,18,29,9,21,51,76,10,No,0,0.87,0.9,0,No,No,No,Yes,No,Yes
1604,3422162,0,8,12,17,1,6,9,16,2,No,0,1,0.99,0,No,No,No,Yes,No,Yes
1605,3422268,27,8,57,90,22,49,72,91,16,No,0,0.97,0.96,0,No,No,No,Yes,No,Yes
1606,3422511,1,2,0,0,0,1,1,1,0,No,0,0.53,0.53,0,No,No,Yes,Yes,No,Yes
1607,3422663,2,8,112,142,5,25,84,137,40,No,0,0.34,0.3,0,No,No,No,Yes,No,Yes
1608,3422800,1,8,6,8,3,4,7,9,0,No,0,0.18,0.33,0,No,No,No,Yes,No,Yes
1609,3422836,-5,52,48,48,0,0,0,0,0,No,0,0.66,0.64,5,Yes,No,No,No,No,Yes
1610,3423002,6,2,600,600,0,0,0,0,0,No,0,0.64,0.62,0,Yes,No,No,Yes,No,Yes
1611,3423401,5,3,15,20,2,13,21,28,0,No,0,0.99,0.99,0,No,No,No,Yes,No,Yes
1612,3423561,11,17,21,30,2,9,18,39,4,No,0,1,1,0,No,No,Yes,Yes,No,Yes
1613,3423575,13,8,59,88,10,33,58,77,0,No,0,0.99,0.98,0,No,No,No,Yes,No,Yes
1614,3423667,0,8,880,1040,0,0,0,0,43,No,0,0.73,0.7,0,No,No,No,Yes,No,Yes
1615,3423770,23,8,11,22,117,494,999,1587,2,No,0,0.84,0.82,0,No,No,No,Yes,No,Yes
1616,3424184,-2,8,3,3,0,7,8,9,1,No,0,0.99,0.98,2,No,No,No,Yes,No,Yes
1617,3424429,4,2,20,20,5,11,13,19,0,No,0,0.93,0.86,0,No,No,No,Yes,No,Yes
1618,3424452,23,12,108,144,7,33,55,85,13,No,0,0.89,0.93,0,No,No,No,Yes,No,Yes
1619,3424520,5,8,24,24,2,6,18,22,0,No,0,0.98,0.97,0,No,No,No,Yes,No,Yes
1620,3424626,0,2,3,3,0,0,0,0,0,No,0,0,0,0,Yes,No,Yes,Yes,No,Yes
1621,3424860,79,8,200,200,16,69,88,172,9,No,0,0.97,0.96,0,No,No,No,Yes,No,Yes
1622,3424878,-2567,3,20320,25666,1294,25866,29300,38834,1225,No,0,0.92,0.96,2837,No,No,No,Yes,No,Yes
1623,3424920,3,2,6,8,0,2,7,10,0,No,0,1,1,0,No,No,No,Yes,No,Yes
1624,3424946,5,8,128,166,18,45,73,115,25,No,0,0.34,0.57,1,No,No,No,Yes,No,Yes
1625,3424953,11,8,111,148,8,35,63,97,1,No,0,0.93,0.92,0,No,No,No,Yes,No,Yes
1626,3425252,0,4,103,131,0,0,0,0,13,No,0,0.79,0.66,0,No,No,Yes,Yes,No,Yes
1627,3425520,0,12,7,7,0,0,0,0,0,No,0,0.73,0.79,0,Yes,No,No,Yes,No,Yes
1628,3425538,0,2,18,18,0,0,0,0,1,No,0,0.76,0.71,0,Yes,No,Yes,Yes,No,Yes
1629,3425621,9,9,0,0,3,3,7,13,0,No,0,0.7,0.66,0,No,No,No,Yes,No,Yes
1630,3425855,21,2,50,75,12,36,53,66,0,No,0,0.78,0.78,0,No,No,No,Yes,No,Yes
1631,3425964,1,8,9,9,2,5,8,13,0,No,0,0.52,0.67,0,No,No,No,Yes,No,Yes
1632,3426031,2,8,5,8,0,15,16,16,2,No,0,0.96,0.87,0,No,No,No,Yes,No,Yes
1633,3426092,0,8,109,157,5,34,94,141,0,No,0,0.22,0.5,0,No,No,No,Yes,No,Yes
1634,3426158,6,10,55,80,6,20,37,51,0,No,0,0.89,0.9,0,No,No,No,Yes,No,Yes
1635,3426218,16,8,41,67,11,29,63,82,5,No,0,1,0.97,0,No,No,No,Yes,No,Yes
1636,3426252,0,8,743,881,0,0,0,0,24,No,0,0.94,0.92,0,No,No,No,Yes,No,Yes
1637,3426491,1,2,14,19,7,14,17,18,0,No,0,0.75,0.54,0,No,No,No,Yes,No,Yes
1638,3426531,0,8,8,10,1,3,7,7,1,No,0,0.7,0.73,0,No,No,No,Yes,No,Yes
1639,3426558,0,9,188,234,0,0,0,0,11,No,0,0.85,0.82,0,Yes,No,No,No,No,Yes
1640,3426685,3,8,5,8,0,2,5,8,1,No,0,0.9,0.9,0,No,No,No,Yes,No,Yes
1641,3426708,-604,4,10400,14800,1068,2232,5994,8788,448,No,0,0.98,0.96,423,No,No,No,Yes,No,Yes
1642,3426722,4,8,10,10,0,5,5,5,1,No,0,0.19,0.49,0,No,No,No,Yes,No,Yes
1643,3426810,39,8,453,553,41,127,300,490,148,No,0,0.53,0.44,2,No,No,No,Yes,No,Yes
1644,3426920,-2,8,81,102,20,44,52,69,6,No,0,0.91,0.85,2,No,No,No,Yes,No,Yes
1645,3427034,2,2,13,17,3,15,20,25,0,No,0,0.97,0.96,0,No,No,No,Yes,No,Yes
1646,3427095,2,2,6,16,4,11,22,25,0,No,0,1,0.99,0,No,No,No,Yes,No,Yes
1647,3427099,0,2,15,19,2,7,13,19,0,No,0,0.99,0.99,0,No,No,No,Yes,No,Yes
1648,3427149,4,2,0,0,1,4,4,4,0,No,0,0.95,0.96,0,Yes,No,No,Yes,No,Yes
1649,3427169,554,2,50,250,183,321,584,777,60,No,0,0.92,0.91,0,No,No,Yes,Yes,No,Yes
1650,3427222,5,2,36,72,14,29,40,53,3,No,0,0.89,0.89,0,No,No,No,Yes,No,Yes
1651,3427258,4,2,3,3,2,6,12,26,0,No,0,0.97,0.93,0,No,No,No,Yes,No,Yes
1652,3427376,1,8,6,9,3,5,10,12,2,No,0,0.91,0.93,0,No,No,No,Yes,No,Yes
1653,3427391,1,2,158,218,28,96,172,183,19,No,0,0.97,0.95,0,Yes,No,No,Yes,No,Yes
1654,3427436,5,2,1,1,3,3,3,3,1,No,0,0.85,0.83,0,No,No,No,Yes,No,Yes
1655,3427597,0,8,3,3,0,0,0,0,0,No,0,-99,0,0,No,No,No,Yes,No,Yes
1656,3427626,0,8,41,41,0,1,2,10,6,No,0,0.98,0.97,0,No,No,Yes,Yes,No,Yes
1657,3427915,0,2,4,4,0,0,0,0,0,No,0,0.37,0.34,0,Yes,No,Yes,Yes,No,Yes
1658,3428052,5,2,0,0,0,0,0,2,0,No,0,0.99,0.99,0,No,No,No,Yes,No,Yes
1659,3428090,7,2,18,30,12,25,52,68,2,No,0,0.94,0.96,0,No,No,No,Yes,No,Yes
1660,3428169,0,8,26,38,6,15,33,41,0,No,0,0.93,0.89,0,No,No,No,Yes,No,Yes
1661,3428286,0,8,6,8,1,3,3,5,1,No,0,1,0.99,0,No,No,No,Yes,No,Yes
1662,3428461,22,4,7,14,53,55,82,89,0,No,0,0.73,0.78,0,No,No,No,Yes,No,Yes
1663,3428478,2,2,3,5,0,3,3,5,1,No,0,0.44,0.54,0,No,No,No,Yes,No,Yes
1664,3428654,55,2,120,216,29,86,127,193,31,No,0,0.99,0.98,0,No,No,No,Yes,No,Yes
1665,3428684,3,2,38,49,10,24,33,50,0,No,0,0.95,0.91,0,No,No,No,Yes,No,Yes
1666,3428858,-1,9,25,39,1,8,18,23,0,No,0,0.7,0.66,1,No,No,No,Yes,No,Yes
1667,3429047,0,4,2,3,1,1,2,2,0,No,0,0.7,0.66,0,No,No,No,Yes,No,Yes
1668,3429140,6,8,12,12,6,12,21,28,0,No,0,0.37,0.34,0,No,No,No,Yes,No,Yes
1669,3429275,0,8,125,125,4,10,12,16,2,No,0,0.91,0.94,0,No,No,No,Yes,No,Yes
1670,3429418,2,12,0,0,1,1,1,3,1,No,0,0.73,0.79,0,No,No,No,Yes,No,Yes
1671,3429611,0,8,7,8,1,2,5,12,0,No,0,0.19,0.49,0,No,No,No,Yes,No,Yes
1672,3429739,3,8,3,3,2,7,15,20,6,No,0,0.99,0.97,0,No,No,No,Yes,No,Yes
1673,3429752,2,8,0,1,0,1,1,1,1,No,0,0.97,0.97,0,No,No,No,Yes,No,Yes
1674,3429936,4,8,22,31,8,26,40,55,0,No,0,0.96,0.96,0,No,No,No,Yes,No,Yes
1675,3430009,0,8,23,29,0,6,19,28,1,No,0,0.98,0.96,0,No,No,No,Yes,No,Yes
1676,3430028,3,3,6,9,1,9,14,22,0,No,0,0.89,0.9,0,No,No,No,Yes,No,Yes
1677,3430071,0,8,3,4,3,4,8,11,0,No,0,1,1,0,No,No,No,Yes,No,Yes
1678,3430114,0,8,50,60,13,24,45,56,0,No,0,0.87,0.91,0,No,No,No,Yes,No,Yes
1679,3430214,0,8,57,77,6,32,51,76,0,No,0,0.98,0.92,0,No,No,No,Yes,No,Yes
1680,3430603,17,8,1400,1400,91,318,503,790,102,No,0,0,0,5,No,No,No,Yes,No,Yes
1681,3430618,16,4,96,144,19,41,52,56,8,No,0,0.98,0.98,0,Yes,No,No,Yes,No,Yes
1682,3430671,9,8,150,150,18,41,55,66,8,No,0,0.78,0.63,0,No,No,No,Yes,No,Yes
1683,3430816,6,12,105,148,13,67,130,155,13,No,0,0.77,0.75,0,No,No,No,Yes,No,Yes
1684,3430877,-7,8,352,544,40,604,743,875,72,No,0,0.82,0.91,7,No,No,No,Yes,No,Yes
1685,3430961,-1,2,13,17,10,14,30,37,0,No,0,0.91,0.95,1,No,No,No,Yes,No,Yes
1686,3431009,2,2,0,0,2,2,2,2,0,No,0,0.13,0.15,0,No,No,No,Yes,No,Yes
1687,3431012,0,3,0,0,0,1,1,1,0,No,0,0.99,0.99,0,No,No,No,Yes,No,Yes
1688,3431215,0,8,3,3,0,1,1,2,1,No,0,0.68,0.49,0,No,No,Yes,Yes,No,Yes
1689,3431282,0,2,53,56,0,0,0,0,0,No,0,0.92,0.83,0,No,No,Yes,Yes,No,Yes
1690,3431320,1,4,13,19,2,3,3,3,0,No,0,0.79,0.87,0,No,No,Yes,Yes,No,Yes
1691,3431338,0,2,8,8,0,0,0,0,0,No,0,0.37,0.34,0,No,No,No,Yes,No,Yes
1692,3431358,2,12,21,28,6,11,17,22,0,No,0,0.77,0.73,0,No,No,No,Yes,No,Yes
1693,3431443,26,2,54,81,9,36,62,89,0,No,0,0.87,0.91,0,No,No,No,Yes,No,Yes
1694,3431713,9,10,48,60,7,20,39,53,6,No,0,0.77,0.84,0,No,No,No,Yes,No,Yes
1695,3431766,3,8,3,6,0,3,4,8,3,No,0,0.84,0.82,0,No,No,No,Yes,No,Yes
1696,3431782,1,8,168,168,1,8,11,17,0,No,0,0.5,0.52,0,Yes,No,No,No,No,Yes
1697,3431978,5,8,21,36,11,18,24,30,0,No,0,0.68,0.49,0,No,No,No,Yes,No,Yes
1698,3431991,15,8,108,144,18,61,105,145,0,No,0,0.41,0.46,0,No,No,No,Yes,No,Yes
1699,3432216,60,8,258,390,47,163,281,391,41,No,0,0.41,0.46,0,No,No,Yes,Yes,No,Yes
1700,3432251,26,2,954,1350,81,241,443,533,122,No,0,0.94,0.95,0,No,No,No,Yes,No,Yes
1701,3432532,0,2,10,14,5,11,14,17,0,No,0,0.57,0.66,0,No,No,No,Yes,No,Yes
1702,3432533,12,2,0,0,0,2,6,6,0,No,0,0.79,0.71,0,No,No,No,Yes,No,Yes
1703,3432676,0,8,20,30,4,11,22,42,2,No,0,0.84,0.86,0,No,No,No,Yes,No,Yes
1704,3432901,42,2,144,234,20,96,211,272,0,No,0,1,1,0,No,No,No,Yes,No,Yes
1705,3432973,5,2,17,25,6,10,18,37,0,No,0,0.99,0.98,0,No,No,No,Yes,No,Yes
1706,3433017,1,2,7,11,1,2,5,5,1,No,0,0.86,0.91,0,No,No,No,Yes,No,Yes
1707,3433085,0,12,20,26,1,5,8,11,2,No,0,0.73,0.79,0,No,No,No,Yes,No,Yes
1708,3433171,3,2,45,60,11,21,34,54,4,No,0,1,1,0,No,No,No,Yes,No,Yes
1709,3433211,0,8,5,5,0,0,0,0,0,No,0,0.37,0.34,0,No,No,No,Yes,No,Yes
1710,3433486,0,9,73,93,12,52,108,142,0,No,0,0.94,0.83,0,No,No,No,Yes,No,Yes
1711,3433670,0,,22,32,2,7,14,23,2,No,0,-99,-99,0,Yes,No,No,Yes,No,Yes
1712,3433734,3,8,8,12,4,8,14,21,1,No,0,0.41,0.46,0,No,No,No,Yes,No,Yes
1713,3433743,1,8,1,2,1,1,2,2,0,No,0,0.78,0.71,0,No,No,No,Yes,No,Yes
1714,3433754,13,8,20,28,10,23,30,46,6,No,0,0.18,0.33,0,No,No,No,Yes,No,Yes
1715,3433829,4,8,20,30,4,13,18,31,0,No,0,0.98,0.98,0,No,No,No,Yes,No,Yes
1716,3433890,1,9,33,43,5,11,22,36,0,No,0,0.7,0.66,0,No,No,Yes,Yes,No,Yes
1717,3433939,0,2,18,18,0,2,6,6,1,No,0,0.18,0.33,0,Yes,No,No,Yes,No,Yes
1718,3434179,0,8,5,5,0,0,0,0,0,No,0,0.37,0.34,0,No,No,No,Yes,No,Yes
1719,3434242,20,8,400,600,161,239,420,597,74,No,0,0.1,0.1,0,No,No,No,Yes,No,Yes
1720,3434392,488,8,184,552,58,177,619,845,115,No,0,0.99,0.99,0,No,No,No,Yes,No,Yes
1721,3434417,45,8,240,240,84,156,208,238,112,No,0,0.98,0.97,1,No,No,No,Yes,No,Yes
1722,3434433,5,9,1,1,4,6,20,35,1,No,0,0.7,0.66,0,No,No,No,Yes,No,Yes
1723,3434445,22,2,14,22,6,15,22,26,2,No,0,0.85,0.74,0,Yes,No,No,Yes,No,Yes
1724,3434449,13,12,121,159,82,113,141,152,0,No,0,0.73,0.79,0,No,No,No,Yes,No,Yes
1725,3434590,-19,8,262,327,29,96,179,280,28,No,0,0.57,0.59,28,No,No,No,Yes,No,Yes
1726,3435005,1,8,1,2,0,1,1,1,1,No,0,0.82,0.84,0,No,No,No,Yes,No,Yes
1727,3435514,8,8,26,38,5,10,22,37,4,No,0,0.96,0.88,0,No,No,No,Yes,No,Yes
1728,3435635,1,8,5,6,1,2,4,5,0,No,0,0.82,0.81,0,No,No,No,Yes,No,Yes
1729,3435759,3,3,20,20,5,10,12,13,1,No,0,0.94,0.96,0,Yes,No,No,Yes,No,Yes
1730,3435826,96,2,702,1062,122,476,784,1119,23,No,0,-99,-99,0,No,No,No,Yes,No,Yes
1731,3435980,0,2,8,8,0,0,0,0,1,No,0,0.03,0.1,0,Yes,No,Yes,Yes,No,Yes
1732,3436033,-1,9,43,43,4,11,33,49,3,No,0,0.54,0.48,1,No,No,No,Yes,No,Yes
1733,3436042,10,12,5,10,9,10,23,31,0,No,0,0.73,0.79,0,No,No,No,Yes,No,Yes
1734,3436199,0,8,29,45,0,4,19,27,1,No,0,0.87,0.88,0,No,No,No,Yes,No,Yes
1735,3436217,8,4,42,70,5,17,53,73,0,No,0,0.79,0.66,0,No,No,No,Yes,No,Yes
1736,3436427,-27,12,348,463,11,68,371,493,29,No,0,0.18,0.38,31,No,No,Yes,Yes,No,Yes
1737,3436506,7,2,36,56,6,30,61,93,2,No,0,0.88,0.8,0,No,No,Yes,Yes,No,Yes
1738,3436535,0,,3,3,0,3,4,8,0,No,0,-99,-99,0,Yes,No,No,Yes,No,Yes
1739,3436685,11,2,25,50,6,9,17,34,0,No,0,0.56,0.68,0,Yes,No,No,Yes,No,Yes
1740,3436716,8,2,0,0,2,6,15,15,0,No,0,0.66,0.64,0,No,No,No,Yes,No,Yes
1741,3437189,9,12,84,124,10,39,68,91,0,No,0,0.53,0.55,0,No,No,No,Yes,No,Yes
1742,3437207,0,2,87,127,0,10,12,12,0,No,0,0.96,0.92,0,No,No,No,No,No,Yes
1743,3437218,0,2,69,92,8,28,42,60,3,No,0,0.91,0.94,0,No,No,Yes,Yes,No,Yes
1744,3437248,3,8,38,76,9,27,42,53,6,No,0,0.5,0.85,0,No,No,No,Yes,No,Yes
1745,3437322,2,8,18,24,3,7,14,15,2,No,0,0.77,0.76,0,No,No,No,Yes,No,Yes
1746,3437387,0,8,0,0,0,0,1,2,0,No,0,0.91,0.95,0,No,No,No,Yes,No,Yes
1747,3437442,55,12,348,465,30,183,356,532,0,No,0,0.07,0.19,0,No,No,No,Yes,No,Yes
1748,3437622,2,2,5,8,1,4,5,7,0,No,0,0.99,0.99,0,No,No,No,Yes,No,Yes
1749,3437698,0,2,16,16,0,2,5,7,1,No,0,0.82,0.81,0,No,No,No,Yes,No,Yes
1750,3437830,0,,5,5,0,0,0,0,0,No,0,-99,-99,0,No,No,No,Yes,No,Yes
1751,3437860,2,2,4,4,2,2,2,2,1,No,0,1,0.99,0,Yes,No,No,Yes,No,Yes
1752,3437939,44,12,112,154,12,43,85,136,12,No,0,0.7,0.76,0,No,No,Yes,Yes,No,Yes
1753,3438040,3,4,0,0,35,120,194,303,4,No,0,0.73,0.78,0,No,No,No,Yes,No,Yes
1754,3438149,2,9,2,4,1,2,3,3,0,No,0,0.7,0.66,0,No,No,Yes,Yes,No,Yes
1755,3438166,8,12,30,46,9,20,45,65,2,No,0,0.98,0.69,0,No,No,No,Yes,No,Yes
1756,3438497,2,9,12,16,4,6,9,15,0,No,0,0.93,0.89,0,No,No,No,Yes,No,Yes
1757,3438498,0,2,4,4,3,5,7,7,0,No,0,0.82,0.84,0,No,No,No,Yes,No,Yes
1758,3438570,23,8,200,288,14,67,150,221,23,No,0,0.91,0.93,0,No,No,Yes,Yes,No,Yes
1759,3438597,0,2,3,4,2,2,4,4,0,No,0,0.96,0.96,0,No,No,No,Yes,No,Yes
1760,3438789,0,2,4,4,3,5,6,6,0,No,0,0.9,0.93,0,Yes,No,Yes,Yes,No,Yes
1761,3439117,1,2,3,5,4,5,6,7,0,No,0,0.63,0.76,0,No,No,No,Yes,No,Yes
1762,3439279,-1,12,3,3,11,11,11,13,0,No,0,0.57,0.68,1,No,No,No,Yes,No,Yes
1763,3439522,5,2,1,1,0,0,0,0,1,No,0,0.74,0.75,0,Yes,No,No,Yes,No,Yes
1764,3439553,2,8,112,168,9,37,63,102,3,No,0,0.84,0.87,0,No,No,Yes,Yes,No,Yes
1765,3439558,0,8,30,40,6,10,22,38,0,No,0,0.99,0.94,0,No,No,No,Yes,No,Yes
1766,3439688,-1,2,1024,1512,84,85,85,93,107,No,0,0.7,0.71,1,No,No,No,Yes,No,Yes
1767,3440045,1,8,0,0,0,0,0,1,0,No,0,0.99,0.99,0,No,No,No,Yes,No,Yes
1768,3440117,-282,8,12252,16464,2332,6102,10919,17101,1611,No,0,0.95,0.92,358,No,No,No,Yes,No,Yes
1769,3440172,5,8,1300,1800,204,638,1038,1529,169,No,0,0.41,0.46,26,No,No,Yes,Yes,No,Yes
1770,3440255,8,8,105,147,9,43,82,120,23,No,0,0.33,0.32,0,No,No,No,Yes,No,Yes
1771,3440296,4,8,78,118,6,18,27,40,0,No,0,0.96,0.96,0,No,No,No,Yes,No,Yes
1772,3440358,4,4,1,3,0,1,3,6,0,No,0,0.54,0.48,0,No,No,No,Yes,No,Yes
1773,3440381,0,8,63,63,0,0,0,0,0,No,0,0.94,0.95,0,No,No,No,Yes,No,Yes
1774,3440515,5,8,18,24,7,13,18,25,0,No,0,0.79,0.66,0,No,No,No,Yes,No,Yes
1775,3440548,0,12,0,0,0,1,1,1,0,No,0,0.73,0.79,0,No,No,No,Yes,No,Yes
1776,3440569,0,2,5,5,0,0,0,0,0,No,0,0.8,0.78,0,No,No,No,Yes,No,Yes
1777,3440595,0,12,3,4,2,3,5,5,0,No,0,0.77,0.73,0,No,No,No,Yes,No,Yes
1778,3440671,22,4,0,0,14,31,40,62,3,No,0,0.73,0.78,0,No,No,No,Yes,No,Yes
1779,3440776,20,8,80,120,8,44,76,108,0,No,0,0.89,0.92,0,No,No,No,Yes,No,Yes
1780,3440813,286,8,1461,2151,361,911,1526,2108,192,No,0,0.99,0.99,1,No,No,No,Yes,No,Yes
1781,3441019,0,,0,0,11,30,44,55,10,No,0,-99,-99,0,No,No,No,No,No,Yes
1782,3441199,3,8,0,0,0,0,1,2,0,No,0,0.37,0.34,0,No,No,No,Yes,No,Yes
1783,3441475,4,2,10,10,4,6,10,10,0,No,0,0.37,0.14,0,Yes,No,No,Yes,No,Yes
1784,3441575,-4,9,5,5,5,5,5,6,3,No,0,0.7,0.66,4,No,No,Yes,Yes,No,Yes
1785,3441663,0,9,0,0,2,9,21,22,0,No,0,0.85,0.82,0,No,No,No,Yes,No,Yes
1786,3441934,3,8,19,29,3,9,13,18,3,No,0,0.71,0.51,0,No,No,No,Yes,No,Yes
1787,3442047,0,2,1,2,1,5,8,12,0,No,0,0.83,0.69,0,No,No,No,Yes,No,Yes
1788,3442164,4,8,1,3,0,1,4,4,0,No,0,0.83,0.85,0,No,No,No,Yes,No,Yes
1789,3442187,15,8,60,100,5,18,39,46,0,No,0,0.87,0.83,0,No,No,No,Yes,No,Yes
1790,3442323,0,2,25,25,0,4,10,10,1,No,0,0.9,0.93,0,Yes,No,No,Yes,No,Yes
1791,3442325,1,2,5,5,4,7,9,9,0,No,0,0.98,0.99,0,No,No,No,Yes,No,Yes
1792,3442335,0,8,6,6,0,0,0,0,0,No,0,0.37,0.34,0,No,No,No,Yes,No,Yes
1793,3442565,1,12,14,24,1,6,10,14,2,No,0,0.57,0.68,0,No,No,No,Yes,No,Yes
1794,3442566,-1,9,63,83,7,23,51,66,16,No,0,0.99,0.99,1,No,No,Yes,Yes,No,Yes
1795,3442761,-170,,0,0,72,191,356,509,44,No,0,-99,-99,0,No,No,No,No,No,Yes
1796,3442841,1,8,2,3,5,6,7,7,1,No,0,0.99,0.99,0,No,No,No,Yes,No,Yes
1797,3442950,1,8,72,96,12,28,54,90,7,No,0,0.75,0.7,0,No,No,No,Yes,No,Yes
1798,3443148,7,4,0,0,5,8,20,34,0,No,0,0.84,0.86,0,No,No,No,Yes,No,Yes
1799,3443202,1,9,1,2,0,2,2,2,0,No,0,0.7,0.66,0,No,No,No,Yes,No,Yes
1800,3443266,6,2,20,30,7,20,21,24,0,No,0,0.83,0.79,0,Yes,No,No,Yes,No,Yes
1801,3443288,3,2,0,0,0,5,5,9,2,No,0,0.99,0.91,0,Yes,No,No,Yes,No,Yes
1802,3443298,5,8,6,8,0,2,3,3,1,No,0,0.98,0.99,0,No,No,No,Yes,No,Yes
1803,3443320,0,8,110,165,19,51,84,127,0,No,0,0.97,0.96,0,No,No,No,Yes,No,Yes
1804,3443396,5,12,24,48,2,10,20,36,18,No,0,0.98,0.98,0,No,No,No,Yes,No,Yes
1805,3443438,0,2,6,6,0,0,0,0,0,No,0,0.7,0.73,0,Yes,No,Yes,Yes,No,Yes
1806,3443471,3,2,23,30,3,8,21,34,0,No,0,0.98,0.99,0,No,No,No,Yes,No,Yes
1807,3443498,0,2,66,106,0,0,0,0,0,No,0,0.82,0.81,0,No,No,No,Yes,No,Yes
1808,3443578,1,8,1,1,1,1,1,3,0,No,0,0.83,0.83,0,No,No,No,Yes,No,Yes
1809,3443635,0,8,14,20,1,4,10,11,0,No,0,0.86,0.91,0,No,No,No,Yes,No,Yes
1810,3443787,14,8,16,24,6,15,25,37,7,No,0,0.36,0.48,0,No,No,No,Yes,No,Yes
1811,3443934,1,2,40,64,2,9,17,28,0,No,0,0.66,0.67,0,No,No,No,Yes,No,Yes
1812,3443965,0,8,0,0,0,0,0,0,0,No,0,0.87,0.8,0,No,No,Yes,No,Yes,Yes
1813,3443980,13,9,18,38,8,19,35,55,1,No,0,0.7,0.66,0,No,No,No,Yes,No,Yes
1814,3443998,9,8,28,42,7,17,31,46,0,No,0,0.82,0.84,0,No,No,No,Yes,No,Yes
1815,3444075,0,8,8,9,1,12,18,23,0,No,0,0.82,0.81,0,No,No,No,Yes,No,Yes
1816,3444111,2,8,31,44,2,14,25,33,0,No,0,0.99,0.99,0,No,No,No,Yes,No,Yes
1817,3444172,21,8,407,577,70,203,371,550,33,No,0,-99,-99,0,No,No,No,Yes,No,Yes
1818,3444209,0,2,2,5,2,2,2,3,0,No,0,0.97,0.93,0,No,No,No,Yes,No,Yes
1819,3444306,6,3,59,91,16,35,65,77,0,No,0,0.61,0.69,0,Yes,No,No,Yes,No,Yes
1820,3444461,5,2,7,11,2,3,3,3,0,No,0,0.8,0.78,0,No,No,No,Yes,No,Yes
1821,3444485,4,8,10,20,4,9,13,20,2,No,0,0.84,0.86,0,No,No,No,Yes,No,Yes
1822,3444568,13,3,24,24,13,20,22,23,3,No,0,0.41,0.46,0,Yes,No,No,Yes,No,Yes
1823,3444725,266,4,26068,36724,2180,8701,16459,25393,2011,No,0,0.97,0.98,47,No,No,No,Yes,No,Yes
1824,3444733,91,8,300,450,100,220,331,506,69,No,0,0.9,0.95,59,No,No,No,Yes,No,Yes
1825,3444892,0,8,2,2,0,0,0,0,0,No,0,0.75,0.76,0,No,No,Yes,Yes,No,Yes
1826,3445122,0,8,2,3,1,2,2,2,1,No,0,0.37,0.34,0,No,No,No,Yes,No,Yes
1827,3445224,16,4,12,36,9,21,38,57,0,No,0,0.7,0.66,0,No,No,No,Yes,No,Yes
1828,3445292,12,4,0,0,4,8,9,12,2,No,0,0.23,0.19,0,No,No,No,Yes,No,Yes
1829,3445338,9,8,5,16,2,9,21,33,1,No,0,0.97,0.92,0,No,No,No,Yes,No,Yes
1830,3445466,0,12,10,16,6,13,24,31,0,No,0,0.77,0.73,0,No,No,No,Yes,No,Yes
1831,3445475,1,8,2,3,0,1,2,2,0,No,0,0.82,0.81,0,No,No,No,Yes,No,Yes
1832,3445597,6,12,36,69,14,28,73,108,0,No,0,0.7,0.76,0,No,No,No,Yes,No,Yes
1833,3445704,7,3,3,3,0,0,0,0,3,No,0,0.87,0.79,0,No,No,No,Yes,No,Yes
1834,3445936,0,8,1,1,0,0,0,0,0,No,0,0.78,0.83,0,No,No,No,Yes,No,Yes
1835,3446068,6,8,37,58,4,14,47,68,0,No,0,0.89,0.82,0,No,No,No,Yes,No,Yes
1836,3446089,0,2,4,5,3,6,9,10,0,No,0,0.82,0.84,0,No,No,No,Yes,No,Yes
1837,3446091,3,9,41,56,6,21,39,66,0,No,0,1,0.99,0,No,No,No,Yes,No,Yes
1838,3446236,-13,8,112,122,0,44,67,88,3,No,0,0,0,13,No,No,No,Yes,No,Yes
1839,3446279,13,8,0,30,1,3,12,16,1,No,0,1,0.99,0,No,No,No,Yes,No,Yes
1840,3446381,0,2,9,13,2,7,7,7,0,No,0,0.97,0.93,0,No,No,No,Yes,No,Yes
1841,3446417,3,8,3,6,4,7,7,10,3,No,0,0.48,0.52,0,No,No,No,Yes,No,Yes
1842,3446628,0,2,160,160,0,0,0,0,2,No,0,0.64,0.62,0,Yes,No,No,Yes,No,Yes
1843,3446775,144,8,502,742,61,210,404,571,100,No,0,0.99,0.94,0,No,No,No,Yes,No,Yes
1844,3446873,4,12,11,17,1,8,19,23,0,No,0,0.73,0.79,0,No,No,No,Yes,No,Yes
1845,3446924,3,8,19,24,5,11,17,24,1,No,0,0.75,0.63,0,No,No,No,Yes,No,Yes
1846,3447076,2,4,8,12,2,5,7,12,0,No,0,0.7,0.66,0,No,No,No,Yes,No,Yes
1847,3447209,1,8,20,20,3,17,30,47,1,No,0,0.78,0.86,0,No,No,No,Yes,No,Yes
1848,3447257,0,8,6,6,0,0,0,2,0,No,0,0.37,0.34,0,No,No,No,Yes,No,Yes
1849,3447274,0,2,11,11,0,5,8,9,3,No,0,0.68,0.68,0,Yes,No,No,Yes,No,Yes
1850,3447277,5,2,57,76,10,15,15,15,8,No,0,0.73,0.7,0,No,No,No,Yes,No,Yes
1851,3447297,0,2,72,72,0,0,0,0,8,No,0,0.88,0.94,0,No,No,No,Yes,No,Yes
1852,3447404,6,8,46,55,7,26,53,79,6,No,0,-99,-99,0,No,No,No,Yes,No,Yes
1853,3447545,21,8,69,69,12,25,42,69,1,No,0,0.66,0.81,0,No,No,No,Yes,No,Yes
1854,3447588,0,2,4,4,0,0,0,0,0,No,0,0.75,0.5,0,Yes,No,No,Yes,No,Yes
1855,3447591,7,9,0,0,1,3,3,4,0,No,0,0.85,0.82,0,No,No,No,Yes,No,Yes
1856,3447592,5,2,0,0,18,34,40,41,0,No,0,0.95,0.91,0,Yes,No,No,Yes,No,Yes
1857,3447818,6,8,13,25,6,16,36,44,0,No,0,0.79,0.87,0,No,No,No,Yes,No,Yes
1858,3447824,-1,8,39,53,5,16,30,41,2,No,0,0.98,0.99,1,No,No,No,Yes,No,Yes
1859,3447841,1,8,5,5,0,5,9,12,1,No,0,0.18,0.33,0,No,No,No,Yes,No,Yes
1860,3447855,141,2,708,1109,129,406,616,861,103,No,0,0.98,0.92,0,No,No,No,Yes,No,Yes
1861,3447903,8,2,45,60,5,32,49,63,0,No,0,0.73,0.76,0,No,No,No,Yes,No,Yes
1862,3447928,21,8,729,1089,89,387,681,934,93,No,0,0.66,0.66,0,No,No,No,Yes,No,Yes
1863,3447944,0,4,22,30,2,20,38,62,0,No,0,0.79,0.87,0,No,No,Yes,Yes,No,Yes
1864,3447972,4,8,0,0,1,1,1,1,0,No,0,0.99,0.96,0,No,No,No,Yes,No,Yes
1865,3448010,367,4,2220,3240,326,1672,2922,3898,287,No,0,0.88,0.91,0,No,No,No,Yes,No,Yes
1866,3448061,11,16,99,147,9,62,110,120,0,No,0,0.96,0.96,0,No,No,No,Yes,No,Yes
1867,3448073,2,0,5,7,0,2,4,4,1,No,0,0,0,0,No,No,No,Yes,No,Yes
1868,3448090,0,12,5,7,0,4,4,4,0,No,0,0.73,0.79,0,No,No,No,Yes,No,Yes
1869,3448096,1,12,310,310,27,51,286,290,5,No,0,0.99,0.99,0,No,No,No,Yes,No,Yes
1870,3448188,44,2,0,0,4,7,7,7,0,No,0,0.14,0.28,0,Yes,No,No,Yes,No,Yes
1871,3448196,9,9,0,0,3,9,20,22,0,No,0,0.58,0.45,0,Yes,No,No,Yes,No,Yes
1872,3448236,2,4,1,1,1,3,3,6,0,No,0,0.79,0.66,0,Yes,No,Yes,Yes,No,Yes
1873,3448319,-8,0,342,432,25,111,264,373,41,No,0,0,0,9,No,No,No,No,No,Yes
1874,3448543,3,2,12,12,2,9,10,14,0,No,0,0.94,0.96,0,No,No,Yes,Yes,No,Yes
1875,3448693,-3,12,37,47,17,43,90,94,4,No,0,0.77,0.73,13,No,No,No,Yes,No,Yes
1876,3448818,0,8,48,67,5,19,27,42,3,No,0,0.73,0.76,0,No,No,Yes,Yes,No,Yes
1877,3448826,8,8,50,50,3,11,33,41,0,No,0,0.57,0.42,0,No,No,Yes,Yes,No,Yes
1878,3448982,0,2,24,30,10,12,21,28,2,No,0,0.99,0.96,0,No,No,Yes,Yes,No,Yes
1879,3449121,0,9,6,8,0,2,5,8,1,No,0,0.99,0.99,0,No,No,No,Yes,No,Yes
1880,3449196,0,,0,0,1,1,1,1,0,No,0,-99,-99,0,No,No,Yes,Yes,No,Yes
1881,3449363,0,12,10,10,0,1,1,1,0,No,0,0,0.01,0,No,No,No,Yes,No,Yes
1882,3449455,6,8,16,24,7,25,39,54,3,No,0,0.04,0.06,0,No,No,Yes,Yes,No,Yes
1883,3449481,0,8,96,140,0,6,6,6,0,No,0,0.96,0.92,5,Yes,No,Yes,Yes,No,Yes
1884,3449504,1,,0,0,0,1,2,3,0,No,0,-99,-99,0,Yes,No,No,No,No,Yes
1885,3449514,50,8,1704,1704,86,347,789,1259,142,No,0,0,0,8,No,No,No,Yes,No,Yes
1886,3449593,-1,8,15,18,2,7,12,20,0,No,0,0.52,0.67,1,No,No,No,Yes,No,Yes
1887,3449684,-3,9,68,74,0,8,36,45,1,No,0,0.7,0.66,3,No,No,No,Yes,No,Yes
1888,3449827,3,8,30,40,1,11,25,45,0,No,0,0.82,0.81,0,No,No,No,Yes,No,Yes
1889,3449949,6,12,48,72,3,14,27,47,1,No,0,0.69,0.72,0,No,No,No,Yes,No,Yes
1890,3449957,2,2,0,0,3,4,4,4,0,No,0,0.99,0.99,0,Yes,No,No,Yes,No,Yes
1891,3449958,1,2,17,24,3,10,19,20,0,No,0,0.99,0.99,0,Yes,No,No,Yes,No,Yes
1892,3449967,18,2,6,12,4,13,18,21,0,No,0,0.21,0.34,0,No,No,No,Yes,No,Yes
1893,3450009,-8,,0,0,10,52,116,156,24,No,0,-99,-99,0,No,No,Yes,No,No,Yes
1894,3450024,0,12,11,11,0,2,10,13,0,No,0,0.84,0.82,0,No,No,No,Yes,No,Yes
1895,3450163,6,2,0,0,2,16,16,18,0,No,0,0.96,0.96,0,Yes,No,No,Yes,No,Yes
1896,3450232,-336,16,2952,4248,503,1894,2989,3708,95,No,0,0.15,0.29,412,No,No,No,Yes,No,Yes
1897,3450359,0,8,19,31,3,9,17,25,0,No,0,1,1,0,No,No,No,Yes,No,Yes
1898,3450393,5,8,27,47,11,29,52,75,0,No,0,0.95,0.95,0,No,No,No,Yes,No,Yes
1899,3450724,7,9,18,36,3,12,22,43,0,No,0,0.54,0.48,0,No,No,No,Yes,No,Yes
1900,3450866,10,2,103,127,29,50,64,86,5,No,0,0.22,0.31,0,Yes,No,No,Yes,No,Yes
1901,3450893,0,8,28,36,3,8,10,15,1,No,0,-99,-99,0,No,No,No,Yes,No,Yes
1902,3451063,10,2,58,88,7,31,60,99,0,No,0,0.97,0.97,0,No,No,No,Yes,No,Yes
1903,3451416,2,8,4,6,0,2,5,11,10,No,0,0.76,0.88,0,No,No,No,Yes,No,Yes
1904,3451427,9,52,1142,1142,48,137,298,464,92,No,0,-99,1,1,Yes,No,Yes,No,No,Yes
1905,3451448,4,8,7,15,3,5,13,18,0,No,0,0.97,0.96,0,No,No,No,Yes,No,Yes
1906,3451464,2,8,2,4,2,3,4,4,0,No,0,0.74,0.73,0,No,No,No,Yes,No,Yes
1907,3451478,0,52,0,0,0,2,2,4,9,No,0,-99,0,1,Yes,No,No,No,No,Yes
1908,3451509,8,8,100,120,13,34,65,101,14,No,0,0.53,0.54,0,No,No,Yes,Yes,No,Yes
1909,3451734,13,12,19,30,6,16,20,28,0,No,0,0.96,0.97,0,No,No,No,Yes,No,Yes
1910,3451793,2,2,40,60,10,30,51,75,0,No,0,0.97,0.96,0,No,No,No,Yes,No,Yes
1911,3451911,6,8,6,13,7,11,18,26,0,No,0,0.91,0.95,0,No,No,No,Yes,No,Yes
1912,3451964,2,2,5,8,2,4,9,12,0,No,0,0.99,0.99,0,No,No,No,Yes,No,Yes
1913,3452026,5,2,0,0,2,3,4,4,0,No,0,0.95,0.96,0,Yes,No,No,Yes,No,Yes
1914,3452046,0,2,19,28,0,1,1,1,0,No,0,0.98,0.96,0,No,No,Yes,Yes,No,Yes
1915,3452077,1,12,3,5,1,2,3,4,1,No,0,0.77,0.73,0,No,No,No,Yes,No,Yes
1916,3452084,2,12,2,4,3,3,5,8,0,No,0,0.73,0.79,0,No,No,No,Yes,No,Yes
1917,3452148,0,12,5,5,0,0,0,0,0,No,0,0.48,0.48,0,Yes,No,No,Yes,No,Yes
1918,3452326,20,2,0,0,7,7,7,7,1,No,0,0.93,0.94,0,Yes,No,Yes,Yes,No,Yes
1919,3452376,1,4,2,3,1,2,2,2,2,No,0,0.96,0.89,0,No,No,No,Yes,No,Yes
1920,3452380,6,2,12,18,5,9,30,40,0,No,0,0.99,0.96,0,No,No,No,Yes,No,Yes
1921,3452608,-32,15,872,1160,99,324,629,947,80,No,0,0.06,0.09,46,No,No,No,Yes,No,Yes
1922,3452618,2,8,9,10,1,5,10,22,0,No,0,0.95,0.77,0,No,No,No,Yes,No,Yes
1923,3452702,7,2,63,79,8,15,32,48,6,No,0,0.58,0.38,0,No,No,No,Yes,No,Yes
1924,3452703,7,8,55,80,6,22,63,117,0,No,0,0.48,0.36,0,No,No,No,Yes,No,Yes
1925,3452747,0,2,3,3,2,3,5,10,0,No,0,0.92,0.75,0,No,No,No,Yes,No,Yes
1926,3452782,0,2,1,1,0,0,0,4,0,No,0,0.96,0.9,0,No,No,No,Yes,No,Yes
1927,3453005,4,10,0,0,0,0,0,0,0,No,0,0.77,0.84,0,Yes,No,No,Yes,No,Yes
1928,3453226,-16,12,1699,2499,219,662,1329,1956,244,No,0,0.98,0.96,16,No,No,No,Yes,No,Yes
1929,3453553,0,8,5,7,0,4,5,5,1,No,0,0.67,0.42,0,No,No,Yes,Yes,No,Yes
1930,3453564,4,10,80,80,1,23,52,86,4,No,0,0.77,0.84,0,No,No,No,Yes,No,Yes
1931,3453608,5,8,0,0,6,14,22,36,0,No,0,0.96,0.97,0,No,No,No,Yes,No,Yes
1932,3453618,5,2,35,55,7,16,46,61,0,No,0,0.97,0.98,0,No,No,No,Yes,No,Yes
1933,3453635,21,2,0,0,0,0,0,0,0,No,0,0.83,0.85,0,No,No,No,Yes,No,Yes
1934,3454641,0,8,13,18,1,7,9,16,0,No,0,1,0.95,0,No,No,No,Yes,No,Yes
1935,3454751,0,2,8,8,0,0,0,0,1,No,0,0.99,0.98,0,No,No,No,Yes,No,Yes
1936,3454752,0,2,10,14,4,7,11,11,0,No,0,0.9,0.92,0,No,No,No,Yes,No,Yes
1937,3454878,13,2,0,0,2,2,2,2,0,No,0,0.21,0.34,0,No,No,No,Yes,No,Yes
1938,3454905,0,4,18,24,0,0,0,1,0,No,0,0.22,0.21,0,Yes,No,No,Yes,No,Yes
1939,3455670,0,12,0,0,0,1,1,1,0,No,0,0.73,0.79,0,No,No,No,Yes,No,Yes
1940,3455744,0,2,8,8,0,0,0,0,1,No,0,0.23,0.19,0,No,No,No,Yes,No,Yes
1941,3455825,23,2,108,144,9,66,98,125,6,No,0,0,0,0,Yes,No,Yes,Yes,No,Yes
1942,3455832,20,4,26,37,18,25,36,36,0,No,0,0.73,0.78,0,Yes,No,No,Yes,No,Yes
1943,3455865,7,2,0,0,5,19,30,30,0,No,0,0.98,0.98,0,No,No,No,Yes,No,Yes
1944,3455888,-1,5,2,2,0,2,2,2,0,No,0,0.5,0.5,1,Yes,No,No,Yes,No,Yes
1945,3455999,3,8,0,0,0,0,0,0,1,No,0,0.35,0.36,0,No,No,No,Yes,No,Yes
1946,3456399,3,2,5,7,1,5,6,7,3,No,0,1,1,0,No,No,No,Yes,No,Yes
1947,3456407,12,2,112,152,58,110,287,399,0,No,0,0.41,0.59,0,No,No,No,Yes,No,Yes
1948,3456585,2,8,12,12,3,5,8,11,0,No,0,0.82,0.91,0,No,No,No,Yes,No,Yes
1949,3456644,9,2,91,121,20,47,85,142,11,No,0,0.84,0.87,0,No,No,Yes,Yes,No,Yes
1950,3456649,2,2,0,0,0,0,0,5,0,No,0,0.98,0.99,0,No,No,No,Yes,No,Yes
1951,3456685,0,12,72,108,14,27,43,49,0,No,0,0.73,0.79,0,No,No,No,Yes,No,Yes
1952,3456768,4,12,2,3,1,2,7,9,1,No,0,0.73,0.79,0,No,No,No,Yes,No,Yes
1953,3456848,1,2,7,12,5,9,10,11,0,No,0,0.98,0.99,0,No,No,No,Yes,No,Yes
1954,3456874,0,2,1788,2382,0,0,0,0,44,No,0,0.73,0.82,0,Yes,No,No,Yes,No,Yes
1955,3456992,2,8,9,13,2,5,6,10,0,No,0,1,0.92,0,No,No,No,Yes,No,Yes
1956,3456993,10,8,20,20,1,10,17,23,0,No,0,0.72,0.85,0,No,No,No,Yes,No,Yes
1957,3457180,1,8,71,99,1,11,46,77,6,No,0,0.87,0.82,0,No,No,No,Yes,No,Yes
1958,3457211,0,8,23,23,0,2,2,3,0,No,0,0,0,0,No,No,No,Yes,No,Yes
1959,3457244,0,12,6,8,1,4,8,16,0,No,0,0.73,0.79,0,No,No,Yes,Yes,No,Yes
1960,3457249,-1,8,206,260,15,61,117,179,41,No,0,0,0.22,1,No,No,No,Yes,No,Yes
1961,3457336,0,8,50,50,0,0,0,0,0,No,0,0.5,0.52,0,No,No,Yes,Yes,No,Yes
1962,3457450,9,2,10,20,3,9,20,41,1,No,0,1,0.99,0,No,No,No,Yes,No,Yes
1963,3457461,128,2,0,0,8,19,39,57,4,No,0,0.75,0.72,0,No,No,Yes,Yes,No,Yes
1964,3457789,-1,3,8,8,5,8,9,10,0,No,0,0.58,0.45,1,Yes,No,No,Yes,No,Yes
1965,3457790,4,2,9,14,1,8,10,10,0,No,0,0.98,0.99,0,No,No,No,Yes,No,Yes
1966,3458021,4,12,77,103,35,53,88,130,18,No,0,0.73,0.79,0,No,No,Yes,Yes,No,Yes
1967,3458056,4,2,0,0,7,7,7,9,1,No,0,0.04,0.08,0,No,No,No,Yes,No,Yes
1968,3458188,0,8,39,39,6,13,28,45,2,No,0,0.99,0.99,0,No,No,No,Yes,No,Yes
1969,3458345,0,8,17,27,0,6,12,14,2,No,0,0.34,0.3,0,No,No,No,Yes,No,Yes
1970,3458500,0,2,17,20,17,37,74,87,0,No,0,0.97,0.95,0,No,No,No,Yes,No,Yes
1971,3458603,12,8,19,23,4,10,26,42,17,No,0,0.54,0.71,0,No,No,No,Yes,No,Yes
1972,3458621,1,8,3,5,0,0,3,4,2,No,0,0,0.33,0,No,No,No,Yes,No,Yes
1973,3458709,2,2,10,10,6,6,6,6,0,No,0,1,0.99,0,Yes,No,No,Yes,No,Yes
1974,3458833,3,2,30,45,6,23,64,88,2,No,0,0.98,0.99,0,No,No,No,Yes,No,Yes
1975,3459061,6,8,60,72,7,18,30,67,0,No,0,0.99,0.99,0,No,No,No,Yes,No,Yes
1976,3459195,2,8,9,12,1,4,6,9,0,No,0,0.66,0.66,0,No,No,No,Yes,No,Yes
1977,3459261,1,9,0,0,1,1,1,2,0,No,0,0.99,0.99,0,No,No,No,Yes,No,Yes
1978,3459459,2,2,6,8,1,3,7,12,0,No,0,0.79,0.87,0,No,No,No,Yes,No,Yes
1979,3459491,0,12,293,388,0,0,0,0,14,No,0,0.73,0.7,0,No,No,Yes,Yes,No,Yes
1980,3459492,-7,2,72,108,17,60,128,207,17,No,0,0.28,0.19,15,No,No,No,Yes,No,Yes
1981,3459567,1,,4,5,0,2,3,4,1,No,0,-99,-99,0,No,No,No,Yes,No,Yes
1982,3459570,1,8,5,10,1,6,7,9,0,No,0,0.99,0.99,0,No,No,No,Yes,No,Yes
1983,3459645,0,2,50,80,0,0,0,2,0,No,0,0.82,0.81,0,No,No,Yes,Yes,No,Yes
1984,3459793,4,8,12,16,3,6,13,21,0,No,0,0.82,0.81,0,No,No,No,Yes,No,Yes
1985,3459878,0,12,8,10,3,4,8,11,4,No,0,0.73,0.79,0,No,No,No,Yes,No,Yes
1986,3459918,24,2,24,48,13,30,69,112,0,No,0,0.85,0.84,0,No,No,No,Yes,No,Yes
1987,3459987,3,8,18,24,2,9,17,27,6,No,0,0.98,0.97,0,No,No,No,Yes,No,Yes
1988,3460021,39,8,279,360,35,94,197,292,29,No,0,0.99,0.94,0,No,No,No,Yes,No,Yes
1989,3460074,4,8,19,25,2,9,18,24,2,No,0,0.98,0.97,0,No,No,No,Yes,No,Yes
1990,3460103,8,8,10,20,4,10,23,29,6,No,0,0.99,0.98,0,No,No,No,Yes,No,Yes
1991,3460203,12,12,68,108,9,32,72,98,0,No,0,0.8,0.78,0,No,No,No,Yes,No,Yes
1992,3460354,0,8,13,17,3,12,19,22,1,No,0,0.37,0.34,0,No,No,No,Yes,No,Yes
1993,3460434,0,2,10,10,0,2,3,3,0,No,0,0.69,0.72,0,Yes,No,No,Yes,No,Yes
1994,3460436,0,12,7,7,0,1,2,3,0,No,0,0.57,0.68,0,No,No,No,Yes,No,Yes
1995,3460517,-5,8,416,560,36,138,283,447,44,No,0,0.02,0.12,12,No,No,Yes,Yes,No,Yes
1996,3460530,0,8,9,13,3,7,9,13,0,No,0,0.94,0.8,0,No,No,No,Yes,No,Yes
1997,3460596,9,2,12,12,6,8,14,14,2,No,0,1,1,0,No,No,No,Yes,No,Yes
1998,3460622,1,12,34,44,3,21,40,49,0,No,0,0.73,0.79,0,No,No,No,Yes,No,Yes
1999,3461177,11,8,60,100,15,37,68,86,12,No,0,0.92,0.91,0,No,No,No,Yes,No,Yes
2000,3461725,3,12,975,975,18,67,163,232,33,No,0,0.57,0.68,0,No,No,Yes,Yes,No,Yes
2001,3461925,0,8,2,3,1,2,2,2,0,No,0,0.95,0.77,0,No,No,No,Yes,No,Yes
